Gene stable ID;Gene Name
ENSG00000001036;FUCA2
ENSG00000001631;KRIT1
ENSG00000002586;CD99
ENSG00000002822;MAD1L1
ENSG00000003096;KLHL13
ENSG00000003436;TFPI
ENSG00000004487;KDM1A
ENSG00000004534;RBM6
ENSG00000004766;VPS50
ENSG00000004838;ZMYND10
ENSG00000004897;CDC27
ENSG00000005001;PRSS22
ENSG00000005022;SLC25A5
ENSG00000005156;LIG3
ENSG00000005175;RPAP3
ENSG00000005249;PRKAR2B
ENSG00000005302;MSL3
ENSG00000005483;KMT2E
ENSG00000005801;ZNF195
ENSG00000005844;ITGAL
ENSG00000005882;PDK2
ENSG00000005884;ITGA3
ENSG00000005889;ZFX
ENSG00000006071;ABCC8
ENSG00000006194;ZNF263
ENSG00000006451;RALA
ENSG00000006468;ETV1
ENSG00000006606;CCL26
ENSG00000006607;FARP2
ENSG00000006634;DBF4
ENSG00000006744;ELAC2
ENSG00000006837;CDKL3
ENSG00000007080;CCDC124
ENSG00000007168;PAFAH1B1
ENSG00000007866;TEAD3
ENSG00000007968;E2F2
ENSG00000008018;PSMB1
ENSG00000008056;SYN1
ENSG00000008086;CDKL5
ENSG00000008128;CDK11A
ENSG00000008197;TFAP2D
ENSG00000008324;SS18L2
ENSG00000008988;RPS20
ENSG00000009307;CSDE1
ENSG00000010030;ETV7
ENSG00000010292;NCAPD2
ENSG00000010539;ZNF200
ENSG00000010818;HIVEP2
ENSG00000011007;ELOA
ENSG00000011052;NME1-NME2
ENSG00000011105;TSPAN9
ENSG00000011258;MBTD1
ENSG00000011295;TTC19
ENSG00000011405;PIK3C2A
ENSG00000011422;PLAUR
ENSG00000011426;ANLN
ENSG00000011451;WIZ
ENSG00000011454;RABGAP1
ENSG00000012048;BRCA1
ENSG00000012963;UBR7
ENSG00000013275;PSMC4
ENSG00000013297;CLDN11
ENSG00000013364;MVP
ENSG00000013583;HEBP1
ENSG00000013810;TACC3
ENSG00000014138;POLA2
ENSG00000014164;ZC3H3
ENSG00000014919;COX15
ENSG00000015171;ZMYND11
ENSG00000015676;NUDCD3
ENSG00000018625;ATP1A2
ENSG00000020426;MNAT1
ENSG00000020922;MRE11
ENSG00000021488;SLC7A9
ENSG00000022277;RTFDC1
ENSG00000022556;NLRP2
ENSG00000023287;RB1CC1
ENSG00000023445;BIRC3
ENSG00000023572;GLRX2
ENSG00000023608;SNAPC1
ENSG00000023839;ABCC2
ENSG00000023909;GCLM
ENSG00000024526;DEPDC1
ENSG00000025156;HSF2
ENSG00000025293;PHF20
ENSG00000025770;NCAPH2
ENSG00000026025;VIM
ENSG00000028116;VRK2
ENSG00000028203;VEZT
ENSG00000028310;BRD9
ENSG00000029363;BCLAF1
ENSG00000029993;HMGB3
ENSG00000030066;NUP160
ENSG00000030110;BAK1
ENSG00000031691;CENPQ
ENSG00000032219;ARID4A
ENSG00000033800;PIAS1
ENSG00000034693;PEX3
ENSG00000035499;DEPDC1B
ENSG00000035664;DAPK2
ENSG00000035720;STAP1
ENSG00000035928;RFC1
ENSG00000036549;ZZZ3
ENSG00000036672;USP2
ENSG00000037042;TUBG2
ENSG00000037241;RPL26L1
ENSG00000037749;MFAP3
ENSG00000037897;METTL1
ENSG00000038219;BOD1L1
ENSG00000038358;EDC4
ENSG00000038532;CLEC16A
ENSG00000039068;CDH1
ENSG00000039123;SKIV2L2
ENSG00000039523;RIPOR1
ENSG00000040275;SPDL1
ENSG00000040633;PHF23
ENSG00000040933;INPP4A
ENSG00000041357;PSMA4
ENSG00000041988;THAP3
ENSG00000042781;USH2A
ENSG00000042813;ZPBP
ENSG00000044115;CTNNA1
ENSG00000044574;HSPA5
ENSG00000046647;GEMIN8
ENSG00000046651;OFD1
ENSG00000047056;WDR37
ENSG00000047346;FAM214A
ENSG00000047410;TPR
ENSG00000047662;FAM184B
ENSG00000047849;MAP4
ENSG00000048028;USP28
ENSG00000048405;ZNF800
ENSG00000048649;RSF1
ENSG00000049541;RFC2
ENSG00000050393;MCUR1
ENSG00000050767;COL23A1
ENSG00000051180;RAD51
ENSG00000051341;POLQ
ENSG00000051825;MPHOSPH9
ENSG00000053108;FSTL4
ENSG00000053328;METTL24
ENSG00000053524;MCF2L2
ENSG00000053900;ANAPC4
ENSG00000054118;THRAP3
ENSG00000054267;ARID4B
ENSG00000054277;OPN3
ENSG00000054282;SDCCAG8
ENSG00000054598;FOXC1
ENSG00000054654;SYNE2
ENSG00000054796;SPO11
ENSG00000055044;NOP58
ENSG00000055070;SZRD1
ENSG00000055130;CUL1
ENSG00000056277;ZNF280C
ENSG00000056291;NPFFR2
ENSG00000057468;MSH4
ENSG00000057757;PITHD1
ENSG00000058056;USP13
ENSG00000058091;CDK14
ENSG00000058262;SEC61A1
ENSG00000058272;PPP1R12A
ENSG00000058453;CROCC
ENSG00000058600;POLR3E
ENSG00000058673;ZC3H11A
ENSG00000058804;NDC1
ENSG00000059122;FLYWCH1
ENSG00000059377;TBXAS1
ENSG00000059588;TARBP1
ENSG00000059758;CDK17
ENSG00000060339;CCAR1
ENSG00000060491;OGFR
ENSG00000060749;QSER1
ENSG00000061337;LZTS1
ENSG00000062598;ELMO2
ENSG00000062650;WAPL
ENSG00000062822;POLD1
ENSG00000063177;RPL18
ENSG00000063245;EPN1
ENSG00000063438;AHRR
ENSG00000064300;NGFR
ENSG00000064393;HIPK2
ENSG00000064607;SUGP2
ENSG00000064961;HMG20B
ENSG00000064999;ANKS1A
ENSG00000065029;ZNF76
ENSG00000065135;GNAI3
ENSG00000065243;PKN2
ENSG00000065328;MCM10
ENSG00000065491;TBC1D22B
ENSG00000065526;SPEN
ENSG00000065809;FAM107B
ENSG00000065883;CDK13
ENSG00000066027;PPP2R5A
ENSG00000066084;DIP2B
ENSG00000066117;SMARCD1
ENSG00000066135;KDM4A
ENSG00000066279;ASPM
ENSG00000066422;ZBTB11
ENSG00000066777;ARFGEF1
ENSG00000066923;STAG3
ENSG00000067048;DDX3Y
ENSG00000067066;SP100
ENSG00000067082;KLF6
ENSG00000067167;TRAM1
ENSG00000067208;EVI5
ENSG00000067248;DHX29
ENSG00000067334;DNTTIP2
ENSG00000067369;TP53BP1
ENSG00000067533;RRP15
ENSG00000067596;DHX8
ENSG00000067646;ZFY
ENSG00000067715;SYT1
ENSG00000067900;ROCK1
ENSG00000068394;GPKOW
ENSG00000068489;PRR11
ENSG00000068654;POLR1A
ENSG00000068784;SRBD1
ENSG00000068796;KIF2A
ENSG00000068878;PSME4
ENSG00000068903;SIRT2
ENSG00000068971;PPP2R5B
ENSG00000069248;NUP133
ENSG00000069956;MAPK6
ENSG00000069998;HDHD5
ENSG00000070010;UFD1
ENSG00000070087;PFN2
ENSG00000070367;EXOC5
ENSG00000070388;FGF22
ENSG00000070444;MNT
ENSG00000070495;JMJD6
ENSG00000070540;WIPI1
ENSG00000070756;PABPC1
ENSG00000070759;TESK2
ENSG00000070770;CSNK2A2
ENSG00000070814;TCOF1
ENSG00000070950;RAD18
ENSG00000071082;RPL31
ENSG00000071539;TRIP13
ENSG00000071655;MBD3
ENSG00000071967;CYBRD1
ENSG00000072041;SLC6A15
ENSG00000072062;PRKACA
ENSG00000072080;SPP2
ENSG00000072121;ZFYVE26
ENSG00000072310;SREBF1
ENSG00000072401;UBE2D1
ENSG00000072501;SMC1A
ENSG00000072571;HMMR
ENSG00000072756;TRNT1
ENSG00000072778;ACADVL
ENSG00000072786;STK10
ENSG00000072803;FBXW11
ENSG00000072864;NDE1
ENSG00000073111;MCM2
ENSG00000073584;SMARCE1
ENSG00000073614;KDM5A
ENSG00000073861;TBX21
ENSG00000073921;PICALM
ENSG00000074047;GLI2
ENSG00000074054;CLASP1
ENSG00000074276;CDHR2
ENSG00000074319;TSG101
ENSG00000074356;NCBP3
ENSG00000074657;ZNF532
ENSG00000074935;TUBE1
ENSG00000075131;TIPIN
ENSG00000075188;NUP37
ENSG00000075218;GTSE1
ENSG00000075234;TTC38
ENSG00000075292;ZNF638
ENSG00000075399;VPS9D1
ENSG00000075426;FOSL2
ENSG00000075702;WDR62
ENSG00000075886;TUBA3D
ENSG00000075891;PAX2
ENSG00000076003;MCM6
ENSG00000076108;BAZ2A
ENSG00000076242;MLH1
ENSG00000076248;UNG
ENSG00000076356;PLXNA2
ENSG00000076382;SPAG5
ENSG00000076513;ANKRD13A
ENSG00000076864;RAP1GAP
ENSG00000077097;TOP2B
ENSG00000077152;UBE2T
ENSG00000077157;PPP1R12B
ENSG00000077235;GTF3C1
ENSG00000077380;DYNC1I2
ENSG00000077420;APBB1IP
ENSG00000077514;POLD3
ENSG00000077522;ACTN2
ENSG00000077549;CAPZB
ENSG00000077721;UBE2A
ENSG00000077800;FKBP6
ENSG00000077935;SMC1B
ENSG00000078043;PIAS2
ENSG00000078053;AMPH
ENSG00000078061;ARAF
ENSG00000078124;ACER3
ENSG00000078140;UBE2K
ENSG00000078142;PIK3C3
ENSG00000078269;SYNJ2
ENSG00000078304;PPP2R5C
ENSG00000078487;ZCWPW1
ENSG00000078674;PCM1
ENSG00000078725;BRINP1
ENSG00000078814;MYH7B
ENSG00000078900;TP73
ENSG00000079134;THOC1
ENSG00000079215;SLC1A3
ENSG00000079263;SP140
ENSG00000079308;TNS1
ENSG00000079335;CDC14A
ENSG00000079616;KIF22
ENSG00000079785;DDX1
ENSG00000079999;KEAP1
ENSG00000080345;RIF1
ENSG00000080503;SMARCA2
ENSG00000080603;SRCAP
ENSG00000080815;PSEN1
ENSG00000080823;MOK
ENSG00000080824;HSP90AA1
ENSG00000080839;RBL1
ENSG00000080986;NDC80
ENSG00000081014;AP4E1
ENSG00000081059;TCF7
ENSG00000081154;PCNP
ENSG00000081237;PTPRC
ENSG00000081277;PKP1
ENSG00000081320;STK17B
ENSG00000081692;JMJD4
ENSG00000082175;PGR
ENSG00000082212;ME2
ENSG00000082258;CCNT2
ENSG00000082781;ITGB5
ENSG00000082805;ERC1
ENSG00000082898;XPO1
ENSG00000083168;KAT6A
ENSG00000083290;ULK2
ENSG00000083312;TNPO1
ENSG00000083642;PDS5B
ENSG00000083799;CYLD
ENSG00000083845;RPS5
ENSG00000083857;FAT1
ENSG00000083896;YTHDC1
ENSG00000083937;CHMP2B
ENSG00000084092;NOA1
ENSG00000084234;APLP2
ENSG00000084623;EIF3I
ENSG00000084733;RAB10
ENSG00000085185;BCORL1
ENSG00000085276;MECOM
ENSG00000085382;HACE1
ENSG00000085415;SEH1L
ENSG00000085449;WDFY1
ENSG00000085719;CPNE3
ENSG00000085840;ORC1
ENSG00000085872;CHERP
ENSG00000085999;RAD54L
ENSG00000086062;B4GALT1
ENSG00000086065;CHMP5
ENSG00000086475;SEPHS1
ENSG00000086504;MRPL28
ENSG00000086589;RBM22
ENSG00000086712;TXLNG
ENSG00000086827;ZW10
ENSG00000086991;NOX4
ENSG00000087053;MTMR2
ENSG00000087086;FTL
ENSG00000087088;BAX
ENSG00000087191;PSMC5
ENSG00000087206;UIMC1
ENSG00000087250;MT3
ENSG00000087269;NOP14
ENSG00000087365;SF3B2
ENSG00000087494;PTHLH
ENSG00000087495;PHACTR3
ENSG00000087510;TFAP2C
ENSG00000087586;AURKA
ENSG00000088038;CNOT3
ENSG00000088305;DNMT3B
ENSG00000088325;TPX2
ENSG00000088387;DOCK9
ENSG00000088448;ANKRD10
ENSG00000088826;SMOX
ENSG00000088832;FKBP1A
ENSG00000088833;NSFL1C
ENSG00000088986;DYNLL1
ENSG00000089009;RPL6
ENSG00000089050;RBBP9
ENSG00000089053;ANAPC5
ENSG00000089063;TMEM230
ENSG00000089094;KDM2B
ENSG00000089157;RPLP0
ENSG00000089289;IGBP1
ENSG00000089685;BIRC5
ENSG00000089916;GPATCH2L
ENSG00000090061;CCNK
ENSG00000090097;PCBP4
ENSG00000090263;MRPS33
ENSG00000090273;NUDC
ENSG00000090316;MAEA
ENSG00000090447;TFAP4
ENSG00000090565;RAB11FIP3
ENSG00000090621;PABPC4
ENSG00000090686;USP48
ENSG00000090889;KIF4A
ENSG00000090971;NAT14
ENSG00000091009;RBM27
ENSG00000091136;LAMB1
ENSG00000091409;ITGA6
ENSG00000091651;ORC6
ENSG00000091732;ZC3HC1
ENSG00000091831;ESR1
ENSG00000092010;PSME1
ENSG00000092036;HAUS4
ENSG00000092140;G2E3
ENSG00000092330;TINF2
ENSG00000092470;WDR76
ENSG00000092531;SNAP23
ENSG00000092621;PHGDH
ENSG00000092758;COL9A3
ENSG00000092850;TEKT2
ENSG00000092853;CLSPN
ENSG00000093000;NUP50
ENSG00000093009;CDC45
ENSG00000093134;VNN3
ENSG00000094631;HDAC6
ENSG00000094804;CDC6
ENSG00000094880;CDC23
ENSG00000094914;AAAS
ENSG00000094916;CBX5
ENSG00000095002;MSH2
ENSG00000095139;ARCN1
ENSG00000095203;EPB41L4B
ENSG00000095261;PSMD5
ENSG00000095319;NUP188
ENSG00000095380;NANS
ENSG00000096063;SRPK1
ENSG00000096070;BRPF3
ENSG00000096093;EFHC1
ENSG00000096384;HSP90AB1
ENSG00000096395;MLN
ENSG00000096401;CDC5L
ENSG00000096717;SIRT1
ENSG00000096746;HNRNPH3
ENSG00000097033;SH3GLB1
ENSG00000097046;CDC7
ENSG00000099194;SCD
ENSG00000099326;MZF1
ENSG00000099330;OCEL1
ENSG00000099341;PSMD8
ENSG00000099399;MAGEB2
ENSG00000099783;HNRNPM
ENSG00000099797;TECR
ENSG00000099817;POLR2E
ENSG00000099860;GADD45B
ENSG00000099864;PALM
ENSG00000099899;TRMT2A
ENSG00000099954;CECR2
ENSG00000099956;SMARCB1
ENSG00000099968;BCL2L13
ENSG00000099995;SF3A1
ENSG00000099999;RNF215
ENSG00000100014;SPECC1L
ENSG00000100028;SNRPD3
ENSG00000100029;PES1
ENSG00000100030;MAPK1
ENSG00000100038;TOP3B
ENSG00000100084;HIRA
ENSG00000100138;SNU13
ENSG00000100142;POLR2F
ENSG00000100151;PICK1
ENSG00000100162;CENPM
ENSG00000100167;SEPT3
ENSG00000100206;DMC1
ENSG00000100207;TCF20
ENSG00000100219;XBP1
ENSG00000100227;POLDIP3
ENSG00000100242;SUN2
ENSG00000100285;NEFH
ENSG00000100297;MCM5
ENSG00000100304;TTLL12
ENSG00000100316;RPL3
ENSG00000100320;RBFOX2
ENSG00000100344;PNPLA3
ENSG00000100345;MYH9
ENSG00000100353;EIF3D
ENSG00000100372;SLC25A17
ENSG00000100380;ST13
ENSG00000100393;EP300
ENSG00000100395;L3MBTL2
ENSG00000100401;RANGAP1
ENSG00000100418;DESI1
ENSG00000100425;BRD1
ENSG00000100426;ZBED4
ENSG00000100433;KCNK10
ENSG00000100445;SDR39U1
ENSG00000100461;RBM23
ENSG00000100478;AP4S1
ENSG00000100479;POLE2
ENSG00000100490;CDKL1
ENSG00000100519;PSMC6
ENSG00000100522;GNPNAT1
ENSG00000100526;CDKN3
ENSG00000100567;PSMA3
ENSG00000100593;ISM2
ENSG00000100603;SNW1
ENSG00000100612;DHRS7
ENSG00000100632;ERH
ENSG00000100644;HIF1A
ENSG00000100650;SRSF5
ENSG00000100697;DICER1
ENSG00000100711;ZFYVE21
ENSG00000100722;ZC3H14
ENSG00000100749;VRK1
ENSG00000100764;PSMC1
ENSG00000100802;C14orf93
ENSG00000100804;PSMB5
ENSG00000100813;ACIN1
ENSG00000100823;APEX1
ENSG00000100865;CINP
ENSG00000100883;SRP54
ENSG00000100888;CHD8
ENSG00000100902;PSMA6
ENSG00000100911;PSME2
ENSG00000100916;BRMS1L
ENSG00000100918;REC8
ENSG00000100941;PNN
ENSG00000101003;GINS1
ENSG00000101004;NINL
ENSG00000101040;ZMYND8
ENSG00000101057;MYBL2
ENSG00000101096;NFATC2
ENSG00000101115;SALL4
ENSG00000101126;ADNP
ENSG00000101146;RAE1
ENSG00000101152;DNAJC5
ENSG00000101161;PRPF6
ENSG00000101162;TUBB1
ENSG00000101182;PSMA7
ENSG00000101191;DIDO1
ENSG00000101198;NKAIN4
ENSG00000101203;COL20A1
ENSG00000101213;PTK6
ENSG00000101220;C20orf27
ENSG00000101224;CDC25B
ENSG00000101236;RNF24
ENSG00000101265;RASSF2
ENSG00000101266;CSNK2A1
ENSG00000101276;SLC52A3
ENSG00000101327;PDYN
ENSG00000101343;CRNKL1
ENSG00000101367;MAPRE1
ENSG00000101412;E2F1
ENSG00000101413;RPRD1B
ENSG00000101421;CHMP4B
ENSG00000101440;ASIP
ENSG00000101447;FAM83D
ENSG00000101489;CELF4
ENSG00000101577;LPIN2
ENSG00000101596;SMCHD1
ENSG00000101624;CEP76
ENSG00000101639;CEP192
ENSG00000101773;RBBP8
ENSG00000101782;RIOK3
ENSG00000101842;VSIG1
ENSG00000101843;PSMD10
ENSG00000101868;POLA1
ENSG00000101882;NKAP
ENSG00000101938;CHRDL1
ENSG00000101945;SUV39H1
ENSG00000101972;STAG2
ENSG00000102007;PLP2
ENSG00000102038;SMARCA1
ENSG00000102054;RBBP7
ENSG00000102081;FMR1
ENSG00000102098;SCML2
ENSG00000102119;EMD
ENSG00000102189;EEA1
ENSG00000102225;CDK16
ENSG00000102226;USP11
ENSG00000102265;TIMP1
ENSG00000102313;ITIH6
ENSG00000102384;CENPI
ENSG00000102554;KLF5
ENSG00000102699;PARP4
ENSG00000102781;KATNAL1
ENSG00000102804;TSC22D1
ENSG00000102805;CLN5
ENSG00000102870;ZNF629
ENSG00000102882;MAPK3
ENSG00000102890;ELMO3
ENSG00000102898;NUTF2
ENSG00000102900;NUP93
ENSG00000102901;CENPT
ENSG00000102974;CTCF
ENSG00000102977;ACD
ENSG00000102978;POLR2C
ENSG00000102981;PARD6A
ENSG00000103005;USB1
ENSG00000103035;PSMD7
ENSG00000103056;SMPD3
ENSG00000103091;WDR59
ENSG00000103187;COTL1
ENSG00000103197;TSC2
ENSG00000103275;UBE2I
ENSG00000103326;CAPN15
ENSG00000103335;PIEZO1
ENSG00000103342;GSPT1
ENSG00000103343;ZNF174
ENSG00000103351;CLUAP1
ENSG00000103404;USP31
ENSG00000103426;CORO7-PAM16
ENSG00000103479;RBL2
ENSG00000103502;CDIPT
ENSG00000103510;KAT8
ENSG00000103512;NOMO1
ENSG00000103540;CCP110
ENSG00000103546;SLC6A2
ENSG00000103653;CSK
ENSG00000103710;RASL12
ENSG00000103723;AP3B2
ENSG00000103769;RAB11A
ENSG00000103811;CTSH
ENSG00000103994;ZNF106
ENSG00000103995;CEP152
ENSG00000104064;GABPB1
ENSG00000104147;OIP5
ENSG00000104231;ZFAND1
ENSG00000104267;CA2
ENSG00000104320;NBN
ENSG00000104356;POP1
ENSG00000104361;NIPAL2
ENSG00000104375;STK3
ENSG00000104381;GDAP1
ENSG00000104388;RAB2A
ENSG00000104408;EIF3E
ENSG00000104415;WISP1
ENSG00000104427;ZC2HC1A
ENSG00000104435;STMN2
ENSG00000104447;TRPS1
ENSG00000104450;SPAG1
ENSG00000104472;CHRAC1
ENSG00000104517;UBR5
ENSG00000104518;GSDMD
ENSG00000104660;LEPROTL1
ENSG00000104671;DCTN6
ENSG00000104695;PPP2CB
ENSG00000104722;NEFM
ENSG00000104738;MCM4
ENSG00000104833;TUBB4A
ENSG00000104835;SARS2
ENSG00000104884;ERCC2
ENSG00000104885;DOT1L
ENSG00000104946;TBC1D17
ENSG00000104951;IL4I1
ENSG00000104969;SGTA
ENSG00000104976;SNAPC2
ENSG00000105011;ASF1B
ENSG00000105058;FAM32A
ENSG00000105072;C19orf44
ENSG00000105127;AKAP8
ENSG00000105146;AURKC
ENSG00000105173;CCNE1
ENSG00000105193;RPS16
ENSG00000105204;DYRK1B
ENSG00000105229;PIAS4
ENSG00000105245;NUMBL
ENSG00000105298;CACTIN
ENSG00000105323;HNRNPUL1
ENSG00000105325;FZR1
ENSG00000105357;MYH14
ENSG00000105372;RPS19
ENSG00000105383;CD33
ENSG00000105393;BABAM1
ENSG00000105404;RABAC1
ENSG00000105428;ZNRF4
ENSG00000105486;LIG1
ENSG00000105514;RAB3D
ENSG00000105559;PLEKHA4
ENSG00000105568;PPP2R1A
ENSG00000105576;TNPO2
ENSG00000105613;MAST1
ENSG00000105640;RPL18A
ENSG00000105656;ELL
ENSG00000105668;UPK1A
ENSG00000105669;COPE
ENSG00000105699;LSR
ENSG00000105722;ERF
ENSG00000105750;ZNF85
ENSG00000105810;CDK6
ENSG00000105877;DNAH11
ENSG00000105880;DLX5
ENSG00000105887;MTPN
ENSG00000105928;GSDME
ENSG00000105968;H2AFV
ENSG00000105974;CAV1
ENSG00000105993;DNAJB6
ENSG00000106144;CASP2
ENSG00000106211;HSPB1
ENSG00000106245;BUD31
ENSG00000106261;ZKSCAN1
ENSG00000106367;AP1S1
ENSG00000106392;C1GALT1
ENSG00000106399;RPA3
ENSG00000106443;PHF14
ENSG00000106462;EZH2
ENSG00000106477;CEP41
ENSG00000106526;ACTR3C
ENSG00000106541;AGR2
ENSG00000106546;AHR
ENSG00000106588;PSMA2
ENSG00000106608;URGCP
ENSG00000106617;PRKAG2
ENSG00000106628;POLD2
ENSG00000106635;BCL7B
ENSG00000106683;LIMK1
ENSG00000106701;FSD1L
ENSG00000106799;TGFBR1
ENSG00000106948;AKNA
ENSG00000106976;DNM1
ENSG00000107164;FUBP3
ENSG00000107201;DDX58
ENSG00000107242;PIP5K1B
ENSG00000107290;SETX
ENSG00000107295;SH3GL2
ENSG00000107551;RASSF4
ENSG00000107581;EIF3A
ENSG00000107771;CCSER2
ENSG00000107815;TWNK
ENSG00000107816;LZTS2
ENSG00000107833;NPM3
ENSG00000107874;CUEDC2
ENSG00000107949;BCCIP
ENSG00000107960;STN1
ENSG00000107968;MAP3K8
ENSG00000108021;FAM208B
ENSG00000108055;SMC3
ENSG00000108094;CUL2
ENSG00000108106;UBE2S
ENSG00000108175;ZMIZ1
ENSG00000108244;KRT23
ENSG00000108262;GIT1
ENSG00000108306;FBXL20
ENSG00000108312;UBTF
ENSG00000108344;PSMD3
ENSG00000108384;RAD51C
ENSG00000108387;SEPT4
ENSG00000108395;TRIM37
ENSG00000108406;DHX40
ENSG00000108423;TUBD1
ENSG00000108424;KPNB1
ENSG00000108433;GOSR2
ENSG00000108443;RPS6KB1
ENSG00000108468;CBX1
ENSG00000108510;MED13
ENSG00000108518;PFN1
ENSG00000108557;RAI1
ENSG00000108559;NUP88
ENSG00000108587;GOSR1
ENSG00000108654;DDX5
ENSG00000108666;C17orf75
ENSG00000108671;PSMD11
ENSG00000108799;EZH1
ENSG00000108883;EFTUD2
ENSG00000108924;HLF
ENSG00000108953;YWHAE
ENSG00000108984;MAP2K6
ENSG00000109046;WSB1
ENSG00000109111;SUPT6H
ENSG00000109118;PHF12
ENSG00000109332;UBE2D3
ENSG00000109475;RPL34
ENSG00000109501;WFS1
ENSG00000109519;GRPEL1
ENSG00000109572;CLCN3
ENSG00000109674;NEIL3
ENSG00000109685;NSD2
ENSG00000109738;GLRB
ENSG00000109805;NCAPG
ENSG00000109846;CRYAB
ENSG00000109920;FNBP4
ENSG00000109971;HSPA8
ENSG00000110092;CCND1
ENSG00000110107;PRPF19
ENSG00000110200;ANAPC15
ENSG00000110274;CEP164
ENSG00000110330;BIRC2
ENSG00000110344;UBE4A
ENSG00000110514;MADD
ENSG00000110619;CARS
ENSG00000110675;ELMOD1
ENSG00000110697;PITPNM1
ENSG00000110700;RPS13
ENSG00000110713;NUP98
ENSG00000110723;EXPH5
ENSG00000110768;GTF2H1
ENSG00000110801;PSMD9
ENSG00000110906;KCTD10
ENSG00000111057;KRT18
ENSG00000111144;LTA4H
ENSG00000111206;FOXM1
ENSG00000111247;RAD51AP1
ENSG00000111269;CREBL2
ENSG00000111276;CDKN1B
ENSG00000111328;CDK2AP1
ENSG00000111371;SLC38A1
ENSG00000111445;RFC5
ENSG00000111481;COPZ1
ENSG00000111540;RAB5B
ENSG00000111581;NUP107
ENSG00000111605;CPSF6
ENSG00000111615;KRR1
ENSG00000111640;GAPDH
ENSG00000111641;NOP2
ENSG00000111642;CHD4
ENSG00000111665;CDCA3
ENSG00000111704;NANOG
ENSG00000111707;SUDS3
ENSG00000111725;PRKAB1
ENSG00000111727;HCFC2
ENSG00000111737;RAB35
ENSG00000111785;RIC8B
ENSG00000111802;TDP2
ENSG00000111837;MAK
ENSG00000111860;CEP85L
ENSG00000111897;SERINC1
ENSG00000111911;HINT3
ENSG00000111913;RIPOR2
ENSG00000112029;FBXO5
ENSG00000112081;SRSF3
ENSG00000112118;MCM3
ENSG00000112130;RNF8
ENSG00000112144;ICK
ENSG00000112149;CD83
ENSG00000112182;BACH2
ENSG00000112200;ZNF451
ENSG00000112242;E2F3
ENSG00000112245;PTP4A1
ENSG00000112249;ASCC3
ENSG00000112306;RPS12
ENSG00000112312;GMNN
ENSG00000112319;EYA4
ENSG00000112333;NR2E1
ENSG00000112337;SLC17A2
ENSG00000112357;PEX7
ENSG00000112379;ARFGEF3
ENSG00000112493;TAPBP
ENSG00000112494;UNC93A
ENSG00000112559;MDFI
ENSG00000112576;CCND3
ENSG00000112640;PPP2R5D
ENSG00000112667;DNPH1
ENSG00000112701;SENP6
ENSG00000112739;PRPF4B
ENSG00000112742;TTK
ENSG00000112759;SLC29A1
ENSG00000112761;WISP3
ENSG00000112782;CLIC5
ENSG00000112851;ERBIN
ENSG00000112877;CEP72
ENSG00000112983;BRD8
ENSG00000112984;KIF20A
ENSG00000112992;NNT
ENSG00000113068;PFDN1
ENSG00000113141;IK
ENSG00000113212;PCDHB7
ENSG00000113269;RNF130
ENSG00000113360;DROSHA
ENSG00000113368;LMNB1
ENSG00000113430;IRX4
ENSG00000113456;RAD1
ENSG00000113460;BRIX1
ENSG00000113522;RAD50
ENSG00000113558;SKP1
ENSG00000113569;NUP155
ENSG00000113575;PPP2CA
ENSG00000113580;NR3C1
ENSG00000113648;H2AFY
ENSG00000113649;TCERG1
ENSG00000113810;SMC4
ENSG00000114107;CEP70
ENSG00000114115;RBP1
ENSG00000114126;TFDP2
ENSG00000114346;ECT2
ENSG00000114353;GNAI2
ENSG00000114383;TUSC2
ENSG00000114391;RPL24
ENSG00000114416;FXR1
ENSG00000114473;IQCG
ENSG00000114480;GBE1
ENSG00000114547;ROPN1B
ENSG00000114573;ATP6V1A
ENSG00000114626;ABTB1
ENSG00000114745;GORASP1
ENSG00000114770;ABCC5
ENSG00000114857;NKTR
ENSG00000114861;FOXP1
ENSG00000114904;NEK4
ENSG00000115053;NCL
ENSG00000115107;STEAP3
ENSG00000115128;SF3B6
ENSG00000115163;CENPA
ENSG00000115233;PSMD14
ENSG00000115268;RPS15
ENSG00000115290;GRB14
ENSG00000115317;HTRA2
ENSG00000115368;WDR75
ENSG00000115380;EFEMP1
ENSG00000115415;STAT1
ENSG00000115474;KCNJ13
ENSG00000115484;CCT4
ENSG00000115486;GGCX
ENSG00000115524;SF3B1
ENSG00000115561;CHMP3
ENSG00000115677;HDLBP
ENSG00000115685;PPP1R7
ENSG00000115738;ID2
ENSG00000115760;BIRC6
ENSG00000115806;GORASP2
ENSG00000115825;PRKD3
ENSG00000115942;ORC2
ENSG00000115947;ORC4
ENSG00000115956;PLEK
ENSG00000116017;ARID3A
ENSG00000116030;SUMO1
ENSG00000116044;NFE2L2
ENSG00000116117;PARD3B
ENSG00000116127;ALMS1
ENSG00000116194;ANGPTL1
ENSG00000116218;NPHS2
ENSG00000116273;PHF13
ENSG00000116350;SRSF4
ENSG00000116478;HDAC1
ENSG00000116560;SFPQ
ENSG00000116580;GON4L
ENSG00000116604;MEF2D
ENSG00000116641;DOCK7
ENSG00000116679;IVNS1ABP
ENSG00000116711;PLA2G4A
ENSG00000116731;PRDM2
ENSG00000116741;RGS2
ENSG00000116752;BCAS2
ENSG00000116774;OLFML3
ENSG00000116809;ZBTB17
ENSG00000116852;KIF21B
ENSG00000116918;TSNAX
ENSG00000117000;RLF
ENSG00000117009;KMO
ENSG00000117133;RPF1
ENSG00000117139;KDM5B
ENSG00000117174;ZNHIT6
ENSG00000117266;CDK18
ENSG00000117318;ID3
ENSG00000117322;CR2
ENSG00000117399;CDC20
ENSG00000117408;IPO13
ENSG00000117450;PRDX1
ENSG00000117475;BLZF1
ENSG00000117481;NSUN4
ENSG00000117560;FASLG
ENSG00000117602;RCAN3
ENSG00000117616;RSRP1
ENSG00000117625;RCOR3
ENSG00000117632;STMN1
ENSG00000117643;MAN1C1
ENSG00000117650;NEK2
ENSG00000117676;RPS6KA1
ENSG00000117697;NSL1
ENSG00000117724;CENPF
ENSG00000117748;RPA2
ENSG00000117751;PPP1R8
ENSG00000117862;TXNDC12
ENSG00000117868;ESYT2
ENSG00000117877;CD3EAP
ENSG00000118004;COLEC11
ENSG00000118007;STAG1
ENSG00000118181;RPS25
ENSG00000118193;KIF14
ENSG00000118200;CAMSAP2
ENSG00000118412;CASP8AP2
ENSG00000118482;PHF3
ENSG00000118515;SGK1
ENSG00000118640;VAMP8
ENSG00000118816;CCNI
ENSG00000118900;UBN1
ENSG00000118922;KLF12
ENSG00000118971;CCND2
ENSG00000119041;GTF3C3
ENSG00000119042;SATB2
ENSG00000119138;KLF9
ENSG00000119139;TJP2
ENSG00000119231;SENP5
ENSG00000119285;HEATR1
ENSG00000119318;RAD23B
ENSG00000119335;SET
ENSG00000119397;CNTRL
ENSG00000119401;TRIM32
ENSG00000119408;NEK6
ENSG00000119457;SLC46A2
ENSG00000119508;NR4A3
ENSG00000119537;KDSR
ENSG00000119541;VPS4B
ENSG00000119574;ZBTB45
ENSG00000119596;YLPM1
ENSG00000119599;DCAF4
ENSG00000119616;FCF1
ENSG00000119630;PGF
ENSG00000119638;NEK9
ENSG00000119669;IRF2BPL
ENSG00000119684;MLH3
ENSG00000119698;PPP4R4
ENSG00000119707;RBM25
ENSG00000119723;COQ6
ENSG00000119760;SUPT7L
ENSG00000119772;DNMT3A
ENSG00000119787;ATL2
ENSG00000119820;YIPF4
ENSG00000119922;IFIT2
ENSG00000119969;HELLS
ENSG00000119986;AVPI1
ENSG00000120210;INSL6
ENSG00000120253;NUP43
ENSG00000120324;PCDHB10
ENSG00000120334;CENPL
ENSG00000120438;TCP1
ENSG00000120458;MSANTD2
ENSG00000120539;MASTL
ENSG00000120699;EXOSC8
ENSG00000120705;ETF1
ENSG00000120708;TGFBI
ENSG00000120733;KDM3B
ENSG00000120738;EGR1
ENSG00000120800;UTP20
ENSG00000120802;TMPO
ENSG00000120833;SOCS2
ENSG00000120885;CLU
ENSG00000120948;TARDBP
ENSG00000121022;COPS5
ENSG00000121058;COIL
ENSG00000121067;SPOP
ENSG00000121152;NCAPH
ENSG00000121211;MND1
ENSG00000121316;PLBD1
ENSG00000121481;RNF2
ENSG00000121486;TRMT1L
ENSG00000121621;KIF18A
ENSG00000121671;CRY2
ENSG00000121774;KHDRBS1
ENSG00000121864;ZNF639
ENSG00000121871;SLITRK3
ENSG00000121892;PDS5A
ENSG00000121931;LRIF1
ENSG00000121957;GPSM2
ENSG00000122026;RPL21
ENSG00000122034;GTF3A
ENSG00000122068;FYTTD1
ENSG00000122133;PAEP
ENSG00000122180;MYOG
ENSG00000122218;COPA
ENSG00000122257;RBBP6
ENSG00000122359;ANXA11
ENSG00000122386;ZNF205
ENSG00000122390;NAA60
ENSG00000122482;ZNF644
ENSG00000122515;ZMIZ2
ENSG00000122545;SEPT7
ENSG00000122565;CBX3
ENSG00000122566;HNRNPA2B1
ENSG00000122644;ARL4A
ENSG00000122692;SMU1
ENSG00000122741;DCAF10
ENSG00000122756;CNTFR
ENSG00000122779;TRIM24
ENSG00000122783;C7orf49
ENSG00000122952;ZWINT
ENSG00000122966;CIT
ENSG00000123080;CDKN2C
ENSG00000123136;DDX39A
ENSG00000123146;ADGRE5
ENSG00000123200;ZC3H13
ENSG00000123219;CENPK
ENSG00000123240;OPTN
ENSG00000123268;ATF1
ENSG00000123374;CDK2
ENSG00000123415;SMUG1
ENSG00000123416;TUBA1B
ENSG00000123473;STIL
ENSG00000123485;HJURP
ENSG00000123576;ESX1
ENSG00000123636;BAZ2B
ENSG00000123728;RAP2C
ENSG00000123737;EXOSC9
ENSG00000123810;B9D2
ENSG00000123838;C4BPA
ENSG00000123975;CKS2
ENSG00000123999;INHA
ENSG00000124092;CTCFL
ENSG00000124151;NCOA3
ENSG00000124160;NCOA5
ENSG00000124171;PARD6B
ENSG00000124207;CSE1L
ENSG00000124208;TMEM189-UBE2V1
ENSG00000124214;STAU1
ENSG00000124422;USP22
ENSG00000124486;USP9X
ENSG00000124490;CRISP2
ENSG00000124575;HIST1H1D
ENSG00000124635;HIST1H2BJ
ENSG00000124762;CDKN1A
ENSG00000124766;SOX4
ENSG00000124767;GLO1
ENSG00000124772;CPNE5
ENSG00000124782;RREB1
ENSG00000124789;NUP153
ENSG00000124795;DEK
ENSG00000124939;SCGB2A1
ENSG00000124942;AHNAK
ENSG00000125347;IRF1
ENSG00000125354;SEPT6
ENSG00000125355;TMEM255A
ENSG00000125434;SLC25A35
ENSG00000125450;NUP85
ENSG00000125484;GTF3C4
ENSG00000125485;DDX31
ENSG00000125498;KIR2DL1
ENSG00000125611;CHCHD5
ENSG00000125629;INSIG2
ENSG00000125633;CCDC93
ENSG00000125652;ALKBH7
ENSG00000125676;THOC2
ENSG00000125686;MED1
ENSG00000125691;RPL23
ENSG00000125743;SNRPD2
ENSG00000125755;SYMPK
ENSG00000125817;CENPB
ENSG00000125818;PSMF1
ENSG00000125845;BMP2
ENSG00000125848;FLRT3
ENSG00000125850;OVOL2
ENSG00000125885;MCM8
ENSG00000125944;HNRNPR
ENSG00000125952;MAX
ENSG00000125970;RALY
ENSG00000126001;CEP250
ENSG00000126067;PSMB2
ENSG00000126216;TUBGCP3
ENSG00000126249;PDCD2L
ENSG00000126261;UBA2
ENSG00000126351;THRA
ENSG00000126581;BECN1
ENSG00000126746;ZNF384
ENSG00000126756;UXT
ENSG00000126767;ELK1
ENSG00000126785;RHOJ
ENSG00000126787;DLGAP5
ENSG00000126790;L3HYPDH
ENSG00000126803;HSPA2
ENSG00000126838;PZP
ENSG00000126878;AIF1L
ENSG00000126883;NUP214
ENSG00000126890;CTAG2
ENSG00000126895;AVPR2
ENSG00000126952;NXF5
ENSG00000127022;CANX
ENSG00000127054;INTS11
ENSG00000127337;YEATS4
ENSG00000127399;LRRC61
ENSG00000127418;FGFRL1
ENSG00000127445;PIN1
ENSG00000127463;EMC1
ENSG00000127483;HP1BP3
ENSG00000127511;SIN3B
ENSG00000127564;PKMYT1
ENSG00000127586;CHTF18
ENSG00000127603;MACF1
ENSG00000127824;TUBA4A
ENSG00000127914;AKAP9
ENSG00000127920;GNG11
ENSG00000127922;SEM1
ENSG00000127955;GNAI1
ENSG00000128159;TUBGCP6
ENSG00000128245;YWHAH
ENSG00000128272;ATF4
ENSG00000128311;TST
ENSG00000128342;LIF
ENSG00000128513;POT1
ENSG00000128606;LRRC17
ENSG00000128656;CHN1
ENSG00000128731;HERC2
ENSG00000128791;TWSG1
ENSG00000128849;CGNL1
ENSG00000128908;INO80
ENSG00000128944;KNSTRN
ENSG00000128965;CHAC1
ENSG00000128989;ARPP19
ENSG00000129007;CALML4
ENSG00000129083;COPB1
ENSG00000129084;PSMA1
ENSG00000129152;MYOD1
ENSG00000129173;E2F8
ENSG00000129195;PIMREG
ENSG00000129197;RPAIN
ENSG00000129204;USP6
ENSG00000129245;FXR2
ENSG00000129292;PHF20L1
ENSG00000129315;CCNT1
ENSG00000129351;ILF3
ENSG00000129355;CDKN2D
ENSG00000129451;KLK10
ENSG00000129474;AJUBA
ENSG00000129514;FOXA1
ENSG00000129534;MIS18BP1
ENSG00000129559;NEDD8
ENSG00000129810;SGO1
ENSG00000129933;MAU2
ENSG00000130024;PHF10
ENSG00000130177;CDC16
ENSG00000130193;THEM6
ENSG00000130222;GADD45G
ENSG00000130254;SAFB2
ENSG00000130522;JUND
ENSG00000130589;HELZ2
ENSG00000130640;TUBGCP2
ENSG00000130669;PAK4
ENSG00000130695;CEP85
ENSG00000130699;TAF4
ENSG00000130724;CHMP2A
ENSG00000130726;TRIM28
ENSG00000130741;EIF2S3
ENSG00000130748;TMEM160
ENSG00000130758;MAP3K10
ENSG00000130779;CLIP1
ENSG00000130787;HIP1R
ENSG00000130811;EIF3G
ENSG00000130816;DNMT1
ENSG00000130826;DKC1
ENSG00000130844;ZNF331
ENSG00000130962;PRRG1
ENSG00000130985;UBA1
ENSG00000131016;AKAP12
ENSG00000131018;SYNE1
ENSG00000131023;LATS1
ENSG00000131042;LILRB2
ENSG00000131043;AAR2
ENSG00000131067;GGT7
ENSG00000131095;GFAP
ENSG00000131148;EMC8
ENSG00000131149;GSE1
ENSG00000131153;GINS2
ENSG00000131165;CHMP1A
ENSG00000131183;SLC34A1
ENSG00000131203;IDO1
ENSG00000131242;RAB11FIP4
ENSG00000131351;HAUS8
ENSG00000131437;KIF3A
ENSG00000131462;TUBG1
ENSG00000131467;PSME3
ENSG00000131469;RPL27
ENSG00000131470;PSMC3IP
ENSG00000131475;VPS25
ENSG00000131480;AOC2
ENSG00000131507;NDFIP1
ENSG00000131508;UBE2D2
ENSG00000131626;PPFIA1
ENSG00000131711;MAP1B
ENSG00000131747;TOP2A
ENSG00000131748;STARD3
ENSG00000131771;PPP1R1B
ENSG00000131779;PEX11B
ENSG00000131781;FMO5
ENSG00000131876;SNRPA1
ENSG00000131931;THAP1
ENSG00000131941;RHPN2
ENSG00000132002;DNAJB1
ENSG00000132005;RFX1
ENSG00000132109;TRIM21
ENSG00000132170;PPARG
ENSG00000132182;NUP210
ENSG00000132199;ENOSF1
ENSG00000132326;PER2
ENSG00000132334;PTPRE
ENSG00000132341;RAN
ENSG00000132376;INPP5K
ENSG00000132383;RPA1
ENSG00000132429;POPDC3
ENSG00000132436;FIGNL1
ENSG00000132466;ANKRD17
ENSG00000132475;H3F3B
ENSG00000132485;ZRANB2
ENSG00000132507;EIF5A
ENSG00000132522;GPS2
ENSG00000132541;RIDA
ENSG00000132581;SDF2
ENSG00000132604;TERF2
ENSG00000132612;VPS4A
ENSG00000132639;SNAP25
ENSG00000132640;BTBD3
ENSG00000132646;PCNA
ENSG00000132664;POLR3F
ENSG00000132688;NES
ENSG00000132694;ARHGEF11
ENSG00000132703;APCS
ENSG00000132749;TESMIN
ENSG00000132780;NASP
ENSG00000132792;CTNNBL1
ENSG00000132793;LPIN3
ENSG00000132819;RBM38
ENSG00000132872;SYT4
ENSG00000132906;CASP9
ENSG00000132953;XPO4
ENSG00000132964;CDK8
ENSG00000133063;CHIT1
ENSG00000133101;CCNA1
ENSG00000133106;EPSTI1
ENSG00000133112;TPT1
ENSG00000133119;RFC3
ENSG00000133134;BEX2
ENSG00000133195;SLC39A11
ENSG00000133250;ZNF414
ENSG00000133302;SLF1
ENSG00000133393;FOPNL
ENSG00000133422;MORC2
ENSG00000133704;IPO8
ENSG00000133740;E2F5
ENSG00000133794;ARNTL
ENSG00000133863;TEX15
ENSG00000133872;SARAF
ENSG00000133884;DPF2
ENSG00000133895;MEN1
ENSG00000134020;PEBP4
ENSG00000134049;IER3IP1
ENSG00000134057;CCNB1
ENSG00000134058;CDK7
ENSG00000134072;CAMK1
ENSG00000134107;BHLHE40
ENSG00000134108;ARL8B
ENSG00000134201;GSTM5
ENSG00000134202;GSTM3
ENSG00000134222;PSRC1
ENSG00000134243;SORT1
ENSG00000134255;CEPT1
ENSG00000134265;NAPG
ENSG00000134308;YWHAQ
ENSG00000134318;ROCK2
ENSG00000134324;LPIN1
ENSG00000134371;CDC73
ENSG00000134398;ERN2
ENSG00000134444;KIAA1468
ENSG00000134480;CCNH
ENSG00000134504;KCTD1
ENSG00000134508;CABLES1
ENSG00000134644;PUM1
ENSG00000134684;YARS
ENSG00000134690;CDCA8
ENSG00000134717;BTF3L4
ENSG00000134748;PRPF38A
ENSG00000134762;DSC3
ENSG00000134765;DSC1
ENSG00000134809;TIMM10
ENSG00000134884;ARGLU1
ENSG00000134970;TMED7
ENSG00000135046;ANXA1
ENSG00000135100;HNF1A
ENSG00000135164;DMTF1
ENSG00000135249;RINT1
ENSG00000135334;AKIRIN2
ENSG00000135336;ORC3
ENSG00000135387;CAPRIN1
ENSG00000135390;ATP5G2
ENSG00000135446;CDK4
ENSG00000135451;TROAP
ENSG00000135457;TFCP2
ENSG00000135476;ESPL1
ENSG00000135480;KRT7
ENSG00000135486;HNRNPA1
ENSG00000135521;LTV1
ENSG00000135525;MAP7
ENSG00000135541;AHI1
ENSG00000135549;PKIB
ENSG00000135624;CCT7
ENSG00000135636;DYSF
ENSG00000135637;CCDC142
ENSG00000135678;CPM
ENSG00000135679;MDM2
ENSG00000135686;KLHL36
ENSG00000135702;CHST5
ENSG00000135766;EGLN1
ENSG00000135776;ABCB10
ENSG00000135926;TMBIM1
ENSG00000135960;EDAR
ENSG00000135999;EPC2
ENSG00000136002;ARHGEF4
ENSG00000136026;CKAP4
ENSG00000136044;APPL2
ENSG00000136045;PWP1
ENSG00000136098;NEK3
ENSG00000136108;CKAP2
ENSG00000136122;BORA
ENSG00000136144;RCBTB1
ENSG00000136147;PHF11
ENSG00000136158;SPRY2
ENSG00000136167;LCP1
ENSG00000136169;SETDB2
ENSG00000136213;CHST12
ENSG00000136231;IGF2BP3
ENSG00000136243;NUPL2
ENSG00000136244;IL6
ENSG00000136273;HUS1
ENSG00000136381;IREB2
ENSG00000136451;VEZF1
ENSG00000136492;BRIP1
ENSG00000136527;TRA2B
ENSG00000136536;MARCH7
ENSG00000136603;SKIL
ENSG00000136715;SAP130
ENSG00000136717;BIN1
ENSG00000136731;UGGT1
ENSG00000136738;STAM
ENSG00000136807;CDK9
ENSG00000136811;ODF2
ENSG00000136824;SMC2
ENSG00000136842;TMOD1
ENSG00000136848;DAB2IP
ENSG00000136861;CDK5RAP2
ENSG00000136870;ZNF189
ENSG00000136883;KIF12
ENSG00000136930;PSMB7
ENSG00000136942;RPL35
ENSG00000136982;DSCC1
ENSG00000136997;MYC
ENSG00000137076;TLN1
ENSG00000137098;SPAG8
ENSG00000137100;DCTN3
ENSG00000137135;ARHGEF39
ENSG00000137154;RPS6
ENSG00000137166;FOXP4
ENSG00000137177;KIF13A
ENSG00000137193;PIM1
ENSG00000137216;TMEM63B
ENSG00000137267;TUBB2A
ENSG00000137269;LRRC1
ENSG00000137285;TUBB2B
ENSG00000137309;HMGA1
ENSG00000137337;MDC1
ENSG00000137392;CLPS
ENSG00000137393;RNF144B
ENSG00000137411;VARS2
ENSG00000137497;NUMA1
ENSG00000137504;CREBZF
ENSG00000137563;GGH
ENSG00000137575;SDCBP
ENSG00000137656;BUD13
ENSG00000137713;PPP2R1B
ENSG00000137720;C11orf1
ENSG00000137767;SQOR
ENSG00000137804;NUSAP1
ENSG00000137807;KIF23
ENSG00000137812;KNL1
ENSG00000137814;HAUS2
ENSG00000137818;RPLP1
ENSG00000137822;TUBGCP4
ENSG00000137868;STRA6
ENSG00000137871;ZNF280D
ENSG00000137936;BCAR3
ENSG00000137944;KYAT3
ENSG00000137947;GTF2B
ENSG00000138069;RAB1A
ENSG00000138071;ACTR2
ENSG00000138074;SLC5A6
ENSG00000138092;CENPO
ENSG00000138107;ACTR1A
ENSG00000138160;KIF11
ENSG00000138161;CUZD1
ENSG00000138175;ARL3
ENSG00000138180;CEP55
ENSG00000138182;KIF20B
ENSG00000138326;RPS24
ENSG00000138346;DNA2
ENSG00000138347;MYPN
ENSG00000138376;BARD1
ENSG00000138379;MSTN
ENSG00000138381;ASNSD1
ENSG00000138382;METTL5
ENSG00000138386;NAB1
ENSG00000138395;CDK15
ENSG00000138434;SSFA2
ENSG00000138442;WDR12
ENSG00000138448;ITGAV
ENSG00000138617;PARP16
ENSG00000138685;FGF2
ENSG00000138688;KIAA1109
ENSG00000138738;PRDM5
ENSG00000138750;NUP54
ENSG00000138758;SEPT11
ENSG00000138764;CCNG2
ENSG00000138768;USO1
ENSG00000138769;CDKL2
ENSG00000138778;CENPE
ENSG00000138785;INTS12
ENSG00000138813;C4orf17
ENSG00000138835;RGS3
ENSG00000139053;PDE6H
ENSG00000139083;ETV6
ENSG00000139112;GABARAPL1
ENSG00000139116;KIF21A
ENSG00000139132;FGD4
ENSG00000139190;VAMP1
ENSG00000139218;SCAF11
ENSG00000139233;LLPH
ENSG00000139266;MARCH9
ENSG00000139289;PHLDA1
ENSG00000139330;KERA
ENSG00000139343;SNRPF
ENSG00000139344;AMDHD1
ENSG00000139350;NEDD1
ENSG00000139351;SYCP3
ENSG00000139354;GAS2L3
ENSG00000139372;TDG
ENSG00000139428;MMAB
ENSG00000139496;NUP58
ENSG00000139613;SMARCC2
ENSG00000139618;BRCA2
ENSG00000139687;RB1
ENSG00000139697;SBNO1
ENSG00000139746;RBM26
ENSG00000139880;CDH24
ENSG00000139914;FITM1
ENSG00000139946;PELI2
ENSG00000140025;EFCAB11
ENSG00000140259;MFAP1
ENSG00000140262;TCF12
ENSG00000140326;CDAN1
ENSG00000140396;NCOA2
ENSG00000140451;PIF1
ENSG00000140455;USP3
ENSG00000140463;BBS4
ENSG00000140464;PML
ENSG00000140465;CYP1A1
ENSG00000140525;FANCI
ENSG00000140623;SEPT12
ENSG00000140632;GLYR1
ENSG00000140749;IGSF6
ENSG00000140830;TXNL4B
ENSG00000140836;ZFHX3
ENSG00000140859;KIFC3
ENSG00000140873;ADAMTS18
ENSG00000140945;CDH13
ENSG00000140948;ZCCHC14
ENSG00000141027;NCOR1
ENSG00000141127;PRPSAP2
ENSG00000141200;KIF2B
ENSG00000141367;CLTC
ENSG00000141376;BCAS3
ENSG00000141378;PTRH2
ENSG00000141446;ESCO1
ENSG00000141449;GREB1L
ENSG00000141499;WRAP53
ENSG00000141510;TP53
ENSG00000141522;ARHGDIA
ENSG00000141540;TTYH2
ENSG00000141543;EIF4A3
ENSG00000141551;CSNK1D
ENSG00000141552;ANAPC11
ENSG00000141562;NARF
ENSG00000141564;RPTOR
ENSG00000141568;FOXK2
ENSG00000141577;CEP131
ENSG00000141639;MAPK4
ENSG00000141644;MBD1
ENSG00000141646;SMAD4
ENSG00000141655;TNFRSF11A
ENSG00000141696;P3H4
ENSG00000141837;CACNA1A
ENSG00000141867;BRD4
ENSG00000141905;NFIC
ENSG00000141934;PLPP2
ENSG00000142002;DPP9
ENSG00000142168;SOD1
ENSG00000142178;SIK1
ENSG00000142186;SCYL1
ENSG00000142507;PSMB6
ENSG00000142534;RPS11
ENSG00000142541;RPL13A
ENSG00000142552;RCN3
ENSG00000142599;RERE
ENSG00000142676;RPL11
ENSG00000142684;ZNF593
ENSG00000142731;PLK4
ENSG00000142789;CELA3A
ENSG00000142856;ITGB3BP
ENSG00000142864;SERBP1
ENSG00000142871;CYR61
ENSG00000142937;RPS8
ENSG00000142945;KIF2C
ENSG00000143001;TMEM61
ENSG00000143106;PSMA5
ENSG00000143126;CELSR2
ENSG00000143157;POGK
ENSG00000143158;MPC2
ENSG00000143162;CREG1
ENSG00000143198;MGST3
ENSG00000143207;RFWD2
ENSG00000143228;NUF2
ENSG00000143324;XPR1
ENSG00000143367;TUFT1
ENSG00000143373;ZNF687
ENSG00000143379;SETDB1
ENSG00000143382;ADAMTSL4
ENSG00000143384;MCL1
ENSG00000143401;ANP32E
ENSG00000143420;ENSA
ENSG00000143442;POGZ
ENSG00000143452;HORMAD1
ENSG00000143457;GOLPH3L
ENSG00000143458;GABPB2
ENSG00000143476;DTL
ENSG00000143512;HHIPL2
ENSG00000143514;TP53BP2
ENSG00000143543;JTB
ENSG00000143545;RAB13
ENSG00000143549;TPM3
ENSG00000143614;GATAD2B
ENSG00000143621;ILF2
ENSG00000143624;INTS3
ENSG00000143753;DEGS1
ENSG00000143771;CNIH4
ENSG00000143799;PARP1
ENSG00000143815;LBR
ENSG00000143862;ARL8A
ENSG00000143878;RHOB
ENSG00000143891;GALM
ENSG00000143933;CALM2
ENSG00000143947;RPS27A
ENSG00000143977;SNRPG
ENSG00000144021;CIAO1
ENSG00000144028;SNRNP200
ENSG00000144045;DQX1
ENSG00000144118;RALB
ENSG00000144120;TMEM177
ENSG00000144161;ZC3H8
ENSG00000144228;SPOPL
ENSG00000144231;POLR2D
ENSG00000144233;AMMECR1L
ENSG00000144354;CDCA7
ENSG00000144369;FAM171B
ENSG00000144426;NBEAL1
ENSG00000144481;TRPM8
ENSG00000144554;FANCD2
ENSG00000144567;RETREG2
ENSG00000144579;CTDSP1
ENSG00000144649;FAM198A
ENSG00000144677;CTDSPL
ENSG00000144711;IQSEC1
ENSG00000144713;RPL32
ENSG00000144736;SHQ1
ENSG00000144744;UBA3
ENSG00000144749;LRIG1
ENSG00000144847;IGSF11
ENSG00000144893;MED12L
ENSG00000144959;NCEH1
ENSG00000145040;UCN2
ENSG00000145075;CCDC39
ENSG00000145191;EIF2B5
ENSG00000145194;ECE2
ENSG00000145217;SLC26A1
ENSG00000145241;CENPC
ENSG00000145309;CABS1
ENSG00000145335;SNCA
ENSG00000145375;SPATA5
ENSG00000145386;CCNA2
ENSG00000145391;SETD7
ENSG00000145425;RPS3A
ENSG00000145476;CYP4V2
ENSG00000145506;NKD2
ENSG00000145545;SRD5A1
ENSG00000145592;RPL37
ENSG00000145604;SKP2
ENSG00000145632;PLK2
ENSG00000145715;RASA1
ENSG00000145743;FBXL17
ENSG00000145782;ATG12
ENSG00000145817;YIPF5
ENSG00000145850;TIMD4
ENSG00000145907;G3BP1
ENSG00000145912;NHP2
ENSG00000145996;CDKAL1
ENSG00000146005;PSD2
ENSG00000146047;HIST1H2BA
ENSG00000146072;TNFRSF21
ENSG00000146143;PRIM2
ENSG00000146247;PHIP
ENSG00000146250;PRSS35
ENSG00000146263;MMS22L
ENSG00000146414;SHPRH
ENSG00000146457;WTAP
ENSG00000146463;ZMYM4
ENSG00000146535;GNA12
ENSG00000146592;CREB5
ENSG00000146648;EGFR
ENSG00000146670;CDCA5
ENSG00000146755;TRIM50
ENSG00000146834;MEPCE
ENSG00000146872;TLK2
ENSG00000146918;NCAPG2
ENSG00000147059;SPIN2A
ENSG00000147099;HDAC8
ENSG00000147130;ZMYM3
ENSG00000147133;TAF1
ENSG00000147140;NONO
ENSG00000147174;GCNA
ENSG00000147180;ZNF711
ENSG00000147202;DIAPH2
ENSG00000147274;RBMX
ENSG00000147316;MCPH1
ENSG00000147400;CETN2
ENSG00000147421;HMBOX1
ENSG00000147439;BIN3
ENSG00000147454;SLC25A37
ENSG00000147457;CHMP7
ENSG00000147465;STAR
ENSG00000147475;ERLIN2
ENSG00000147526;TACC1
ENSG00000147536;GINS4
ENSG00000147548;NSD3
ENSG00000147601;TERF1
ENSG00000147604;RPL7
ENSG00000147684;NDUFB9
ENSG00000147854;UHRF2
ENSG00000147862;NFIB
ENSG00000147874;HAUS6
ENSG00000147883;CDKN2B
ENSG00000147889;CDKN2A
ENSG00000148019;CEP78
ENSG00000148082;SHC3
ENSG00000148110;MFSD14B
ENSG00000148143;ZNF462
ENSG00000148303;RPL7A
ENSG00000148335;NTMT1
ENSG00000148337;CIZ1
ENSG00000148344;PTGES
ENSG00000148498;PARD3
ENSG00000148516;ZEB1
ENSG00000148600;CDHR1
ENSG00000148671;ADIRF
ENSG00000148688;RPP30
ENSG00000148704;VAX1
ENSG00000148737;TCF7L2
ENSG00000148773;MKI67
ENSG00000148798;INA
ENSG00000148835;TAF5
ENSG00000148843;PDCD11
ENSG00000148943;LIN7C
ENSG00000149021;SCGB1A1
ENSG00000149136;SSRP1
ENSG00000149179;C11orf49
ENSG00000149212;SESN3
ENSG00000149257;SERPINH1
ENSG00000149262;INTS4
ENSG00000149269;PAK1
ENSG00000149273;RPS3
ENSG00000149308;NPAT
ENSG00000149311;ATM
ENSG00000149503;INCENP
ENSG00000149516;MS4A3
ENSG00000149547;EI24
ENSG00000149554;CHEK1
ENSG00000149582;TMEM25
ENSG00000149591;TAGLN
ENSG00000149634;SPATA25
ENSG00000149636;DSN1
ENSG00000149679;CABLES2
ENSG00000149823;VPS51
ENSG00000149923;PPP4C
ENSG00000149930;TAOK2
ENSG00000149948;HMGA2
ENSG00000150093;ITGB1
ENSG00000150281;CTF1
ENSG00000150457;LATS2
ENSG00000150722;PPP1R1C
ENSG00000150764;DIXDC1
ENSG00000150782;IL18
ENSG00000150783;TEX12
ENSG00000150907;FOXO1
ENSG00000150961;SEC24D
ENSG00000150991;UBC
ENSG00000150995;ITPR1
ENSG00000151005;TKTL2
ENSG00000151065;DCP1B
ENSG00000151067;CACNA1C
ENSG00000151164;RAD9B
ENSG00000151208;DLG5
ENSG00000151229;SLC2A13
ENSG00000151247;EIF4E
ENSG00000151276;MAGI1
ENSG00000151332;MBIP
ENSG00000151414;NEK7
ENSG00000151422;FER
ENSG00000151445;VIPAS39
ENSG00000151465;CDC123
ENSG00000151503;NCAPD3
ENSG00000151576;QTRT2
ENSG00000151611;MMAA
ENSG00000151612;ZNF827
ENSG00000151725;CENPU
ENSG00000151806;GUF1
ENSG00000151846;PABPC3
ENSG00000151849;CENPJ
ENSG00000152078;TMEM56
ENSG00000152086;TUBA3E
ENSG00000152127;MGAT5
ENSG00000152137;HSPB8
ENSG00000152240;HAUS1
ENSG00000152253;SPC25
ENSG00000152359;POC5
ENSG00000152404;CWF19L2
ENSG00000152422;XRCC4
ENSG00000152455;SUV39H2
ENSG00000152503;TRIM36
ENSG00000152578;GRIA4
ENSG00000152669;CCNO
ENSG00000152684;PELO
ENSG00000152767;FARP1
ENSG00000152779;SLC16A12
ENSG00000152784;PRDM8
ENSG00000152942;RAD17
ENSG00000153012;LGI2
ENSG00000153044;CENPH
ENSG00000153094;BCL2L11
ENSG00000153107;ANAPC1
ENSG00000153113;CAST
ENSG00000153147;SMARCA5
ENSG00000153165;RGPD3
ENSG00000153187;HNRNPU
ENSG00000153201;RANBP2
ENSG00000153207;AHCTF1
ENSG00000153234;NR4A2
ENSG00000153404;PLEKHG4B
ENSG00000153446;C16orf89
ENSG00000153487;ING1
ENSG00000153560;UBP1
ENSG00000153707;PTPRD
ENSG00000153832;FBXO36
ENSG00000153885;KCTD15
ENSG00000153914;SREK1
ENSG00000153922;CHD1
ENSG00000154001;PPP2R5E
ENSG00000154099;DNAAF1
ENSG00000154122;ANKH
ENSG00000154229;PRKCA
ENSG00000154380;ENAH
ENSG00000154473;BUB3
ENSG00000154518;ATP5G3
ENSG00000154556;SORBS2
ENSG00000154611;PSMA8
ENSG00000154767;XPC
ENSG00000154803;FLCN
ENSG00000154839;SKA1
ENSG00000154920;EME1
ENSG00000154978;VOPP1
ENSG00000154997;SEPT14
ENSG00000155111;CDK19
ENSG00000155115;GTF3C6
ENSG00000155229;MMS19
ENSG00000155254;MARVELD1
ENSG00000155366;RHOC
ENSG00000155393;HEATR3
ENSG00000155438;NIFK
ENSG00000155506;LARP1
ENSG00000155561;NUP205
ENSG00000155657;TTN
ENSG00000155749;ALS2CR12
ENSG00000155850;SLC26A2
ENSG00000155868;MED7
ENSG00000155918;RAET1L
ENSG00000155957;TMBIM4
ENSG00000155970;MICU3
ENSG00000156256;USP16
ENSG00000156261;CCT8
ENSG00000156345;CDK20
ENSG00000156482;RPL30
ENSG00000156508;EEF1A1
ENSG00000156697;UTP14A
ENSG00000156711;MAPK13
ENSG00000156738;MS4A1
ENSG00000156802;ATAD2
ENSG00000156968;MPV17L
ENSG00000156970;BUB1B
ENSG00000156976;EIF4A2
ENSG00000157020;SEC13
ENSG00000157093;LYZL4
ENSG00000157216;SSBP3
ENSG00000157456;CCNB2
ENSG00000157500;APPL1
ENSG00000157510;AFAP1L1
ENSG00000157538;DSCR3
ENSG00000157540;DYRK1A
ENSG00000157601;MX1
ENSG00000157741;UBN2
ENSG00000157778;PSMG3
ENSG00000158019;BABAM2
ENSG00000158106;RHPN1
ENSG00000158122;AAED1
ENSG00000158169;FANCC
ENSG00000158220;ESYT3
ENSG00000158290;CUL4B
ENSG00000158373;HIST1H2BD
ENSG00000158402;CDC25C
ENSG00000158406;HIST1H4H
ENSG00000158411;MITD1
ENSG00000158571;PFKFB1
ENSG00000158615;PPP1R15B
ENSG00000158636;EMSY
ENSG00000158941;CCAR2
ENSG00000159055;MIS18A
ENSG00000159140;SON
ENSG00000159147;DONSON
ENSG00000159166;LAD1
ENSG00000159200;RCAN1
ENSG00000159208;CIART
ENSG00000159216;RUNX1
ENSG00000159217;IGF2BP1
ENSG00000159251;ACTC1
ENSG00000159256;MORC3
ENSG00000159259;CHAF1B
ENSG00000159352;PSMD4
ENSG00000159377;PSMB4
ENSG00000159459;UBR1
ENSG00000159496;RGL4
ENSG00000159527;PGLYRP3
ENSG00000159588;CCDC17
ENSG00000159692;CTBP1
ENSG00000159763;PIP
ENSG00000159842;ABR
ENSG00000159884;CCDC107
ENSG00000160014;CALM3
ENSG00000160113;NR2F6
ENSG00000160193;WDR4
ENSG00000160201;U2AF1
ENSG00000160214;RRP1
ENSG00000160294;MCM3AP
ENSG00000160299;PCNT
ENSG00000160446;ZDHHC12
ENSG00000160472;TMEM190
ENSG00000160551;TAOK1
ENSG00000160633;SAFB
ENSG00000160691;SHC1
ENSG00000160710;ADAR
ENSG00000160767;FAM189B
ENSG00000160783;PMF1
ENSG00000160789;LMNA
ENSG00000160877;NACC1
ENSG00000160972;PPP1R16A
ENSG00000160999;SH2B2
ENSG00000161016;RPL8
ENSG00000161031;PGLYRP2
ENSG00000161036;LRWD1
ENSG00000161057;PSMC2
ENSG00000161265;U2AF1L4
ENSG00000161270;NPHS1
ENSG00000161298;ZNF382
ENSG00000161618;ALDH16A1
ENSG00000161642;ZNF385A
ENSG00000161692;DBF4B
ENSG00000161800;RACGAP1
ENSG00000161860;SYCE2
ENSG00000161888;SPC24
ENSG00000161904;LEMD2
ENSG00000161921;CXCL16
ENSG00000161955;TNFSF13
ENSG00000161960;EIF4A1
ENSG00000161970;RPL26
ENSG00000161996;WDR90
ENSG00000162032;SPSB3
ENSG00000162063;CCNF
ENSG00000162073;PAQR4
ENSG00000162194;LBHD1
ENSG00000162231;NXF1
ENSG00000162366;PDZK1IP1
ENSG00000162374;ELAVL4
ENSG00000162378;ZYG11B
ENSG00000162385;MAGOH
ENSG00000162398;LEXM
ENSG00000162402;USP24
ENSG00000162413;KLHL21
ENSG00000162419;GMEB1
ENSG00000162430;SELENON
ENSG00000162438;CTRC
ENSG00000162521;RBBP4
ENSG00000162599;NFIA
ENSG00000162607;USP1
ENSG00000162636;FAM102B
ENSG00000162664;ZNF326
ENSG00000162687;KCNT2
ENSG00000162702;ZNF281
ENSG00000162706;CADM3
ENSG00000162714;ZNF496
ENSG00000162745;OLFML2B
ENSG00000162775;RBM15
ENSG00000162783;IER5
ENSG00000162892;IL24
ENSG00000162928;PEX13
ENSG00000162931;TRIM17
ENSG00000163002;NUP35
ENSG00000163041;H3F3A
ENSG00000163082;SGPP2
ENSG00000163098;BIRC8
ENSG00000163104;SMARCAD1
ENSG00000163110;PDLIM5
ENSG00000163145;C1QTNF7
ENSG00000163159;VPS72
ENSG00000163207;IVL
ENSG00000163239;TDRD10
ENSG00000163322;ABRAXAS1
ENSG00000163331;DAPL1
ENSG00000163344;PMVK
ENSG00000163374;YY1AP1
ENSG00000163378;EOGT
ENSG00000163435;ELF3
ENSG00000163449;TMEM169
ENSG00000163468;CCT3
ENSG00000163491;NEK10
ENSG00000163507;CIP2A
ENSG00000163510;CWC22
ENSG00000163512;AZI2
ENSG00000163517;HDAC11
ENSG00000163519;TRAT1
ENSG00000163535;SGO2
ENSG00000163539;CLASP2
ENSG00000163545;NUAK2
ENSG00000163564;PYHIN1
ENSG00000163565;IFI16
ENSG00000163577;EIF5A2
ENSG00000163605;PPP4R2
ENSG00000163608;NEPRO
ENSG00000163617;CCDC191
ENSG00000163618;CADPS
ENSG00000163629;PTPN13
ENSG00000163636;PSMD6
ENSG00000163719;MTMR14
ENSG00000163755;HPS3
ENSG00000163762;TM4SF18
ENSG00000163781;TOPBP1
ENSG00000163806;SPDYA
ENSG00000163808;KIF15
ENSG00000163848;ZNF148
ENSG00000163867;ZMYM6
ENSG00000163872;YEATS2
ENSG00000163875;MEAF6
ENSG00000163877;SNIP1
ENSG00000163898;LIPH
ENSG00000163918;RFC4
ENSG00000163923;RPL39L
ENSG00000163930;BAP1
ENSG00000163932;PRKCD
ENSG00000163939;PBRM1
ENSG00000163946;FAM208A
ENSG00000163950;SLBP
ENSG00000163958;ZDHHC19
ENSG00000163961;RNF168
ENSG00000164032;H2AFZ
ENSG00000164045;CDC25A
ENSG00000164050;PLXNB1
ENSG00000164051;CCDC51
ENSG00000164053;ATRIP
ENSG00000164062;APEH
ENSG00000164080;RAD54L2
ENSG00000164081;TEX264
ENSG00000164104;HMGB2
ENSG00000164105;SAP30
ENSG00000164109;MAD2L1
ENSG00000164111;ANXA5
ENSG00000164114;MAP9
ENSG00000164162;ANAPC10
ENSG00000164175;SLC45A2
ENSG00000164190;NIPBL
ENSG00000164256;PRDM9
ENSG00000164292;RHOBTB3
ENSG00000164305;CASP3
ENSG00000164306;PRIMPOL
ENSG00000164326;CARTPT
ENSG00000164346;NSA2
ENSG00000164362;TERT
ENSG00000164366;CCDC127
ENSG00000164430;CGAS
ENSG00000164542;KIAA0895
ENSG00000164548;TRA2A
ENSG00000164587;RPS14
ENSG00000164609;SLU7
ENSG00000164610;RP9
ENSG00000164611;PTTG1
ENSG00000164631;ZNF12
ENSG00000164649;CDCA7L
ENSG00000164690;SHH
ENSG00000164695;CHMP4C
ENSG00000164713;BRI3
ENSG00000164754;RAD21
ENSG00000164815;ORC5
ENSG00000164818;DNAAF5
ENSG00000164823;OSGIN2
ENSG00000164828;SUN1
ENSG00000164850;GPER1
ENSG00000164867;NOS3
ENSG00000164885;CDK5
ENSG00000164898;FMC1
ENSG00000164900;GBX1
ENSG00000164924;YWHAZ
ENSG00000164941;INTS8
ENSG00000164944;VIRMA
ENSG00000165030;NFIL3
ENSG00000165046;LETM2
ENSG00000165072;MAMDC2
ENSG00000165115;KIF27
ENSG00000165119;HNRNPK
ENSG00000165156;ZHX1
ENSG00000165175;MID1IP1
ENSG00000165244;ZNF367
ENSG00000165304;MELK
ENSG00000165392;WRN
ENSG00000165480;SKA3
ENSG00000165494;PCF11
ENSG00000165496;RPL10L
ENSG00000165516;KLHDC2
ENSG00000165527;ARF6
ENSG00000165632;TAF3
ENSG00000165660;ABRAXAS2
ENSG00000165671;NSD1
ENSG00000165672;PRDX3
ENSG00000165689;SDCCAG3
ENSG00000165695;AK8
ENSG00000165699;TSC1
ENSG00000165716;FAM69B
ENSG00000165732;DDX21
ENSG00000165794;SLC39A2
ENSG00000165795;NDRG2
ENSG00000165810;BTNL9
ENSG00000165887;ANKRD2
ENSG00000165916;PSMC3
ENSG00000165934;CPSF2
ENSG00000166037;CEP57
ENSG00000166130;IKBIP
ENSG00000166140;ZFYVE19
ENSG00000166164;BRD7
ENSG00000166167;BTRC
ENSG00000166197;NOLC1
ENSG00000166226;CCT2
ENSG00000166261;ZNF202
ENSG00000166263;STXBP4
ENSG00000166295;ANAPC16
ENSG00000166341;DCHS1
ENSG00000166396;SERPINB7
ENSG00000166441;RPL27A
ENSG00000166451;CENPN
ENSG00000166452;AKIP1
ENSG00000166471;TMEM41B
ENSG00000166477;LEO1
ENSG00000166483;WEE1
ENSG00000166484;MAPK7
ENSG00000166501;PRKCB
ENSG00000166508;MCM7
ENSG00000166548;TK2
ENSG00000166579;NDEL1
ENSG00000166595;FAM96B
ENSG00000166598;HSP90B1
ENSG00000166619;BLCAP
ENSG00000166669;ATF7IP2
ENSG00000166704;ZNF606
ENSG00000166716;ZNF592
ENSG00000166741;NNMT
ENSG00000166750;SLFN5
ENSG00000166797;FAM96A
ENSG00000166803;PCLAF
ENSG00000166821;PEX11A
ENSG00000166828;SCNN1G
ENSG00000166848;TERF2IP
ENSG00000166851;PLK1
ENSG00000166886;NAB2
ENSG00000166913;YWHAB
ENSG00000166946;CCNDBP1
ENSG00000166949;SMAD3
ENSG00000167014;TERB2
ENSG00000167077;MEI1
ENSG00000167081;PBX3
ENSG00000167085;PHB
ENSG00000167110;GOLGA2
ENSG00000167112;TRUB2
ENSG00000167157;PRRX2
ENSG00000167216;KATNAL2
ENSG00000167258;CDK12
ENSG00000167272;POP5
ENSG00000167325;RRM1
ENSG00000167380;ZNF226
ENSG00000167393;PPP2R3B
ENSG00000167395;ZNF646
ENSG00000167461;RAB8A
ENSG00000167491;GATAD2A
ENSG00000167513;CDT1
ENSG00000167522;ANKRD11
ENSG00000167526;RPL13
ENSG00000167543;TP53I13
ENSG00000167548;KMT2D
ENSG00000167552;TUBA1A
ENSG00000167553;TUBA1C
ENSG00000167653;PSCA
ENSG00000167657;DAPK3
ENSG00000167670;CHAF1A
ENSG00000167685;ZNF444
ENSG00000167755;KLK6
ENSG00000167774;AC010323.1
ENSG00000167799;NUDT8
ENSG00000167842;MIS12
ENSG00000167900;TK1
ENSG00000167925;GHDC
ENSG00000167978;SRRM2
ENSG00000167986;DDB1
ENSG00000168003;SLC3A2
ENSG00000168005;C11orf84
ENSG00000168028;RPSA
ENSG00000168036;CTNNB1
ENSG00000168056;LTBP3
ENSG00000168077;SCARA3
ENSG00000168078;PBK
ENSG00000168116;KIAA1586
ENSG00000168118;RAB4A
ENSG00000168143;FAM83B
ENSG00000168148;HIST3H3
ENSG00000168175;MAPK1IP1L
ENSG00000168264;IRF2BP2
ENSG00000168282;MGAT2
ENSG00000168286;THAP11
ENSG00000168291;PDHB
ENSG00000168298;HIST1H1E
ENSG00000168303;MPLKIP
ENSG00000168309;FAM107A
ENSG00000168310;IRF2
ENSG00000168374;ARF4
ENSG00000168385;SEPT2
ENSG00000168393;DTYMK
ENSG00000168438;CDC40
ENSG00000168439;STIP1
ENSG00000168481;LGI3
ENSG00000168488;ATXN2L
ENSG00000168495;POLR3D
ENSG00000168496;FEN1
ENSG00000168505;GBX2
ENSG00000168564;CDKN2AIP
ENSG00000168575;SLC20A2
ENSG00000168610;STAT3
ENSG00000168615;ADAM9
ENSG00000168653;NDUFS5
ENSG00000168661;ZNF30
ENSG00000168672;FAM84B
ENSG00000168685;IL7R
ENSG00000168703;WFDC12
ENSG00000168769;TET2
ENSG00000168795;ZBTB5
ENSG00000168802;CHTF8
ENSG00000168806;LCMT2
ENSG00000168811;IL12A
ENSG00000168813;ZNF507
ENSG00000168827;GFM1
ENSG00000168872;DDX19A
ENSG00000168874;ATOH8
ENSG00000168883;USP39
ENSG00000168894;RNF181
ENSG00000169032;MAP2K1
ENSG00000169035;KLK7
ENSG00000169045;HNRNPH1
ENSG00000169047;IRS1
ENSG00000169139;UBE2V2
ENSG00000169155;ZBTB43
ENSG00000169188;APEX2
ENSG00000169220;RGS14
ENSG00000169255;B3GALNT1
ENSG00000169258;GPRIN1
ENSG00000169375;SIN3A
ENSG00000169490;TM2D2
ENSG00000169554;ZEB2
ENSG00000169564;PCBP1
ENSG00000169604;ANTXR1
ENSG00000169607;CKAP2L
ENSG00000169679;BUB1
ENSG00000169684;CHRNA5
ENSG00000169689;CENPX
ENSG00000169727;GPS1
ENSG00000169877;AHSP
ENSG00000169981;ZNF35
ENSG00000170004;CHD3
ENSG00000170027;YWHAG
ENSG00000170037;CNTROB
ENSG00000170043;TRAPPC1
ENSG00000170142;UBE2E1
ENSG00000170144;HNRNPA3
ENSG00000170191;NANP
ENSG00000170234;PWWP2A
ENSG00000170248;PDCD6IP
ENSG00000170260;ZNF212
ENSG00000170312;CDK1
ENSG00000170315;UBB
ENSG00000170322;NFRKB
ENSG00000170345;FOS
ENSG00000170348;TMED10
ENSG00000170364;SETMAR
ENSG00000170421;KRT8
ENSG00000170426;SDR9C7
ENSG00000170465;KRT6C
ENSG00000170540;ARL6IP1
ENSG00000170542;SERPINB9
ENSG00000170558;CDH2
ENSG00000170604;IRF2BP1
ENSG00000170606;HSPA4
ENSG00000170624;SGCD
ENSG00000170631;ZNF16
ENSG00000170734;POLH
ENSG00000170748;RBMXL2
ENSG00000170759;KIF5B
ENSG00000170775;GPR37
ENSG00000170852;KBTBD2
ENSG00000170903;MSANTD4
ENSG00000170917;NUDT6
ENSG00000170950;PGK2
ENSG00000171067;C11orf24
ENSG00000171132;PRKCE
ENSG00000171223;JUNB
ENSG00000171241;SHCBP1
ENSG00000171320;ESCO2
ENSG00000171357;LURAP1
ENSG00000171448;ZBTB26
ENSG00000171456;ASXL1
ENSG00000171467;ZNF318
ENSG00000171476;HOPX
ENSG00000171490;RSL1D1
ENSG00000171552;BCL2L1
ENSG00000171566;PLRG1
ENSG00000171612;SLC25A33
ENSG00000171634;BPTF
ENSG00000171720;HDAC3
ENSG00000171766;GATM
ENSG00000171772;SYCE1
ENSG00000171792;RHNO1
ENSG00000171824;EXOSC10
ENSG00000171840;NINJ2
ENSG00000171848;RRM2
ENSG00000171858;RPS21
ENSG00000171863;RPS7
ENSG00000171960;PPIH
ENSG00000171988;JMJD1C
ENSG00000172057;ORMDL3
ENSG00000172115;CYCS
ENSG00000172116;CD8B
ENSG00000172197;MBOAT1
ENSG00000172216;CEBPB
ENSG00000172260;NEGR1
ENSG00000172340;SUCLG2
ENSG00000172346;CSDC2
ENSG00000172349;IL16
ENSG00000172466;ZNF24
ENSG00000172530;BANP
ENSG00000172531;PPP1CA
ENSG00000172534;HCFC1
ENSG00000172613;RAD9A
ENSG00000172638;EFEMP2
ENSG00000172757;CFL1
ENSG00000172769;OR5B3
ENSG00000172780;RAB43
ENSG00000172789;HOXC5
ENSG00000172809;RPL38
ENSG00000172818;OVOL1
ENSG00000172922;RNASEH2C
ENSG00000172943;PHF8
ENSG00000172954;LCLAT1
ENSG00000172977;KAT5
ENSG00000173068;BNC2
ENSG00000173110;HSPA6
ENSG00000173120;KDM2A
ENSG00000173153;ESRRA
ENSG00000173166;RAPH1
ENSG00000173193;PARP14
ENSG00000173207;CKS1B
ENSG00000173218;VANGL1
ENSG00000173250;GPR151
ENSG00000173276;ZBTB21
ENSG00000173372;C1QA
ENSG00000173391;OLR1
ENSG00000173404;INSM1
ENSG00000173442;EHBP1L1
ENSG00000173473;SMARCC1
ENSG00000173575;CHD2
ENSG00000173598;NUDT4
ENSG00000173626;TRAPPC3L
ENSG00000173660;UQCRH
ENSG00000173692;PSMD1
ENSG00000173757;STAT5B
ENSG00000173769;TOPAZ1
ENSG00000173801;JUP
ENSG00000173821;RNF213
ENSG00000173846;PLK3
ENSG00000173876;TUBB7P
ENSG00000173889;PHC3
ENSG00000173933;RBM4
ENSG00000174021;GNG5
ENSG00000174106;LEMD3
ENSG00000174175;SELP
ENSG00000174197;MGA
ENSG00000174231;PRPF8
ENSG00000174233;ADCY6
ENSG00000174243;DDX23
ENSG00000174282;ZBTB4
ENSG00000174332;GLIS1
ENSG00000174348;PODN
ENSG00000174371;EXO1
ENSG00000174405;LIG4
ENSG00000174442;ZWILCH
ENSG00000174444;RPL4
ENSG00000174500;GCSAM
ENSG00000174501;ANKRD36C
ENSG00000174514;MFSD4A
ENSG00000174579;MSL2
ENSG00000174611;KY
ENSG00000174640;SLCO2A1
ENSG00000174697;LEP
ENSG00000174799;CEP135
ENSG00000174903;RAB1B
ENSG00000174915;PTDSS2
ENSG00000174917;C19orf70
ENSG00000174945;AMZ1
ENSG00000174970;OR10AG1
ENSG00000174989;FBXW8
ENSG00000175054;ATR
ENSG00000175063;UBE2C
ENSG00000175084;DES
ENSG00000175110;MRPS22
ENSG00000175121;WFDC5
ENSG00000175155;YPEL2
ENSG00000175166;PSMD2
ENSG00000175183;CSRP2
ENSG00000175203;DCTN2
ENSG00000175216;CKAP5
ENSG00000175220;ARHGAP1
ENSG00000175265;GOLGA8A
ENSG00000175279;CENPS
ENSG00000175305;CCNE2
ENSG00000175334;BANF1
ENSG00000175390;EIF3F
ENSG00000175445;LPL
ENSG00000175467;SART1
ENSG00000175470;PPP2R2D
ENSG00000175482;POLD4
ENSG00000175573;C11orf68
ENSG00000175592;FOSL1
ENSG00000175595;ERCC4
ENSG00000175619;OR4B1
ENSG00000175643;RMI2
ENSG00000175691;ZNF77
ENSG00000175787;ZNF169
ENSG00000175792;RUVBL1
ENSG00000175793;SFN
ENSG00000175826;CTDNEP1
ENSG00000175832;ETV4
ENSG00000176014;TUBB6
ENSG00000176101;SSNA1
ENSG00000176108;CHMP6
ENSG00000176155;CCDC57
ENSG00000176208;ATAD5
ENSG00000176248;ANAPC2
ENSG00000176383;B3GNT4
ENSG00000176386;CDC26
ENSG00000176387;HSD11B2
ENSG00000176402;GJC3
ENSG00000176444;CLK2
ENSG00000176533;GNG7
ENSG00000176623;RMDN1
ENSG00000176624;MEX3C
ENSG00000176692;FOXC2
ENSG00000176746;MAGEB6
ENSG00000176871;WSB2
ENSG00000176890;TYMS
ENSG00000176915;ANKLE2
ENSG00000176953;NFATC2IP
ENSG00000176971;FIBIN
ENSG00000177058;SLC38A9
ENSG00000177084;POLE
ENSG00000177174;OR14C36
ENSG00000177189;RPS6KA3
ENSG00000177200;CHD9
ENSG00000177302;TOP3A
ENSG00000177311;ZBTB38
ENSG00000177426;TGIF1
ENSG00000177469;CAVIN1
ENSG00000177479;ARIH2
ENSG00000177508;IRX3
ENSG00000177600;RPLP2
ENSG00000177606;JUN
ENSG00000177628;GBA
ENSG00000177683;THAP5
ENSG00000177700;POLR2L
ENSG00000177707;NECTIN3
ENSG00000177733;HNRNPA0
ENSG00000177889;UBE2N
ENSG00000177954;RPS27
ENSG00000177963;RIC8A
ENSG00000178028;DMAP1
ENSG00000178104;PDE4DIP
ENSG00000178184;PARD6G
ENSG00000178209;PLEC
ENSG00000178279;TNP2
ENSG00000178297;TMPRSS9
ENSG00000178409;BEND3
ENSG00000178462;TUBAL3
ENSG00000178502;KLHL11
ENSG00000178597;PSAPL1
ENSG00000178691;SUZ12
ENSG00000178700;DHFR2
ENSG00000178718;RPP25
ENSG00000178764;ZHX2
ENSG00000178795;GDPD4
ENSG00000178896;EXOSC4
ENSG00000178917;ZNF852
ENSG00000178927;C17orf62
ENSG00000178935;ZNF552
ENSG00000178950;GAK
ENSG00000178951;ZBTB7A
ENSG00000178966;RMI1
ENSG00000178999;AURKB
ENSG00000179051;RCC2
ENSG00000179071;CCDC89
ENSG00000179091;CYC1
ENSG00000179172;HNRNPCL1
ENSG00000179262;RAD23A
ENSG00000179284;DAND5
ENSG00000179335;CLK3
ENSG00000179542;SLITRK4
ENSG00000179564;LSMEM2
ENSG00000179636;TPPP2
ENSG00000179698;WDR97
ENSG00000179750;APOBEC3B
ENSG00000179820;MYADM
ENSG00000179943;FIZ1
ENSG00000179950;PUF60
ENSG00000179958;DCTPP1
ENSG00000180096;SEPT1
ENSG00000180182;MED14
ENSG00000180198;RCC1
ENSG00000180219;FAM71C
ENSG00000180340;FZD2
ENSG00000180447;GAS1
ENSG00000180530;NRIP1
ENSG00000180573;HIST1H2AC
ENSG00000180596;HIST1H2BC
ENSG00000180694;TMEM64
ENSG00000180787;ZFP3
ENSG00000180934;OR56A1
ENSG00000180957;PITPNB
ENSG00000181019;NQO1
ENSG00000181090;EHMT1
ENSG00000181163;NPM1
ENSG00000181355;OFCC1
ENSG00000181472;ZBTB2
ENSG00000181544;FANCB
ENSG00000181552;EDDM3B
ENSG00000181555;SETD2
ENSG00000181562;EDDM3A
ENSG00000181690;PLAG1
ENSG00000181722;ZBTB20
ENSG00000181788;SIAH2
ENSG00000181789;COPG1
ENSG00000181938;GINS3
ENSG00000181982;CCDC149
ENSG00000182004;SNRPE
ENSG00000182013;PNMA8A
ENSG00000182095;TNRC18
ENSG00000182117;NOP10
ENSG00000182132;KCNIP1
ENSG00000182149;IST1
ENSG00000182154;MRPL41
ENSG00000182158;CREB3L2
ENSG00000182247;UBE2E2
ENSG00000182253;SYNM
ENSG00000182256;GABRG3
ENSG00000182318;ZSCAN22
ENSG00000182325;FBXL6
ENSG00000182372;CLN8
ENSG00000182378;PLCXD1
ENSG00000182463;TSHZ2
ENSG00000182481;KPNA2
ENSG00000182583;VCX
ENSG00000182628;SKA2
ENSG00000182791;CCDC87
ENSG00000182853;VMO1
ENSG00000182866;LCK
ENSG00000182899;RPL35A
ENSG00000182923;CEP63
ENSG00000182985;CADM1
ENSG00000183060;LYSMD4
ENSG00000183087;GAS6
ENSG00000183098;GPC6
ENSG00000183128;CALHM3
ENSG00000183137;CEP57L1
ENSG00000183161;FANCF
ENSG00000183207;RUVBL2
ENSG00000183258;DDX41
ENSG00000183287;CCBE1
ENSG00000183307;TMEM121B
ENSG00000183311;TUBB
ENSG00000183337;BCOR
ENSG00000183397;C19orf71
ENSG00000183431;SF3A3
ENSG00000183434;TFDP3
ENSG00000183454;GRIN2A
ENSG00000183475;ASB7
ENSG00000183486;MX2
ENSG00000183495;EP400
ENSG00000183508;FAM46C
ENSG00000183520;UTP11
ENSG00000183576;SETD3
ENSG00000183580;FBXL7
ENSG00000183597;TANGO2
ENSG00000183598;HIST2H3D
ENSG00000183624;HMCES
ENSG00000183715;OPCML
ENSG00000183742;MACC1
ENSG00000183763;TRAIP
ENSG00000183765;CHEK2
ENSG00000183770;FOXL2
ENSG00000183773;AIFM3
ENSG00000183779;ZNF703
ENSG00000183785;TUBA8
ENSG00000183808;RBM12B
ENSG00000183814;LIN9
ENSG00000183856;IQGAP3
ENSG00000183955;KMT5A
ENSG00000183963;SMTN
ENSG00000184076;UQCR10
ENSG00000184083;FAM120C
ENSG00000184110;EIF3C
ENSG00000184205;TSPYL2
ENSG00000184216;IRAK1
ENSG00000184220;CMSS1
ENSG00000184232;OAF
ENSG00000184260;HIST2H2AC
ENSG00000184432;COPB2
ENSG00000184445;KNTC1
ENSG00000184508;HDDC3
ENSG00000184545;DUSP8
ENSG00000184634;MED12
ENSG00000184640;SEPT9
ENSG00000184661;CDCA2
ENSG00000184675;AMER1
ENSG00000184677;ZBTB40
ENSG00000184678;HIST2H2BE
ENSG00000184702;SEPT5
ENSG00000184708;EIF4ENIF1
ENSG00000184831;APOO
ENSG00000184900;SUMO3
ENSG00000184916;JAG2
ENSG00000184979;USP18
ENSG00000185013;NT5C1B
ENSG00000185015;CA13
ENSG00000185019;UBOX5
ENSG00000185022;MAFF
ENSG00000185104;FAF1
ENSG00000185122;HSF1
ENSG00000185130;HIST1H2BL
ENSG00000185219;ZNF445
ENSG00000185267;CDNF
ENSG00000185269;NOTUM
ENSG00000185340;GAS2L1
ENSG00000185379;RAD51D
ENSG00000185513;L3MBTL1
ENSG00000185515;BRCC3
ENSG00000185567;AHNAK2
ENSG00000185591;SP1
ENSG00000185608;MRPL40
ENSG00000185624;P4HB
ENSG00000185627;PSMD13
ENSG00000185658;BRWD1
ENSG00000185666;SYN3
ENSG00000185730;ZNF696
ENSG00000185792;NLRP9
ENSG00000185811;IKZF1
ENSG00000185863;TMEM210
ENSG00000186001;LRCH3
ENSG00000186111;PIP5K1C
ENSG00000186130;ZBTB6
ENSG00000186141;POLR3C
ENSG00000186143;PRR30
ENSG00000186185;KIF18B
ENSG00000186187;ZNRF1
ENSG00000186193;SAPCD2
ENSG00000186222;BLOC1S4
ENSG00000186231;KLHL32
ENSG00000186260;MKL2
ENSG00000186298;PPP1CC
ENSG00000186417;GLDN
ENSG00000186448;ZNF197
ENSG00000186452;TMPRSS12
ENSG00000186468;RPS23
ENSG00000186470;BTN3A2
ENSG00000186522;SEPT10
ENSG00000186566;GPATCH8
ENSG00000186652;PRG2
ENSG00000186654;PRR5
ENSG00000186660;ZFP91
ENSG00000186675;MAGEE2
ENSG00000186716;BCR
ENSG00000186787;SPIN2B
ENSG00000186815;TPCN1
ENSG00000186868;MAPT
ENSG00000186871;ERCC6L
ENSG00000186994;KANK3
ENSG00000187054;TMPRSS11A
ENSG00000187079;TEAD1
ENSG00000187098;MITF
ENSG00000187134;AKR1C1
ENSG00000187231;SESTD1
ENSG00000187372;PCDHB13
ENSG00000187522;HSPA14
ENSG00000187556;NANOS3
ENSG00000187626;ZKSCAN4
ENSG00000187689;AMTN
ENSG00000187699;C2orf88
ENSG00000187837;HIST1H1C
ENSG00000187951;ARHGAP11B
ENSG00000187969;ZCCHC13
ENSG00000187997;C17orf99
ENSG00000188001;TPRG1
ENSG00000188021;UBQLN2
ENSG00000188229;TUBB4B
ENSG00000188312;CENPP
ENSG00000188375;H3F3C
ENSG00000188419;CHM
ENSG00000188486;H2AFX
ENSG00000188554;NBR1
ENSG00000188566;NDOR1
ENSG00000188610;FAM72B
ENSG00000188612;SUMO2
ENSG00000188626;GOLGA8M
ENSG00000188729;OSTN
ENSG00000188739;RBM34
ENSG00000188783;PRELP
ENSG00000188807;TMEM201
ENSG00000188827;SLX4
ENSG00000188846;RPL14
ENSG00000188895;MSL1
ENSG00000188976;NOC2L
ENSG00000189023;MAGEB16
ENSG00000189057;FAM111B
ENSG00000189060;H1F0
ENSG00000189079;ARID2
ENSG00000189091;SF3B3
ENSG00000189159;JPT1
ENSG00000189180;ZNF33A
ENSG00000189266;PNRC2
ENSG00000189292;ALKAL2
ENSG00000189308;LIN54
ENSG00000189337;KAZN
ENSG00000189369;GSPT2
ENSG00000189403;HMGB1
ENSG00000189410;SH2D5
ENSG00000196074;SYCP2
ENSG00000196154;S100A4
ENSG00000196199;MPHOSPH8
ENSG00000196230;TUBB
ENSG00000196233;LCOR
ENSG00000196235;SUPT5H
ENSG00000196262;PPIA
ENSG00000196284;SUPT3H
ENSG00000196313;POM121
ENSG00000196323;ZBTB44
ENSG00000196329;GIMAP5
ENSG00000196363;WDR5
ENSG00000196367;TRRAP
ENSG00000196396;PTPN1
ENSG00000196415;PRTN3
ENSG00000196417;ZNF765
ENSG00000196419;XRCC6
ENSG00000196453;ZNF777
ENSG00000196455;PIK3R4
ENSG00000196470;SIAH1
ENSG00000196498;NCOR2
ENSG00000196504;PRPF40A
ENSG00000196510;ANAPC7
ENSG00000196526;AFAP1
ENSG00000196547;MAN2A2
ENSG00000196550;FAM72A
ENSG00000196565;HBG2
ENSG00000196584;XRCC2
ENSG00000196591;HDAC2
ENSG00000196628;TCF4
ENSG00000196652;ZKSCAN5
ENSG00000196653;ZNF502
ENSG00000196670;ZFP62
ENSG00000196693;ZNF33B
ENSG00000196712;NF1
ENSG00000196735;HLA-DQA1
ENSG00000196743;GM2A
ENSG00000196754;S100A2
ENSG00000196787;HIST1H2AG
ENSG00000196843;ARID5A
ENSG00000196844;PATE2
ENSG00000196862;RGPD4
ENSG00000196866;HIST1H2AD
ENSG00000196890;HIST3H2BB
ENSG00000196950;SLC39A10
ENSG00000196967;ZNF585A
ENSG00000196981;WDR5B
ENSG00000197037;ZSCAN25
ENSG00000197044;ZNF441
ENSG00000197046;SIGLEC15
ENSG00000197056;ZMYM1
ENSG00000197061;HIST1H4C
ENSG00000197063;MAFG
ENSG00000197081;IGF2R
ENSG00000197102;DYNC1H1
ENSG00000197111;PCBP2
ENSG00000197119;SLC25A29
ENSG00000197122;SRC
ENSG00000197153;HIST1H3J
ENSG00000197162;ZNF785
ENSG00000197170;PSMD12
ENSG00000197183;NOL4L
ENSG00000197238;HIST1H4J
ENSG00000197273;GUCA2A
ENSG00000197279;ZNF165
ENSG00000197299;BLM
ENSG00000197323;TRIM33
ENSG00000197381;ADARB1
ENSG00000197408;CYP2B6
ENSG00000197409;HIST1H3D
ENSG00000197498;RPF2
ENSG00000197548;ATG7
ENSG00000197568;HHLA3
ENSG00000197579;TOPORS
ENSG00000197603;C5orf42
ENSG00000197646;PDCD1LG2
ENSG00000197714;ZNF460
ENSG00000197728;RPS26
ENSG00000197768;STPG3
ENSG00000197780;TAF13
ENSG00000197782;ZNF780A
ENSG00000197837;HIST4H4
ENSG00000197892;KIF13B
ENSG00000197903;HIST1H2BK
ENSG00000197943;PLCG2
ENSG00000197956;S100A6
ENSG00000198000;NOL8
ENSG00000198033;TUBA3C
ENSG00000198034;RPS4X
ENSG00000198040;ZNF84
ENSG00000198054;DSCR8
ENSG00000198056;PRIM1
ENSG00000198089;SFI1
ENSG00000198099;ADH4
ENSG00000198105;ZNF248
ENSG00000198128;OR2L3
ENSG00000198146;ZNF770
ENSG00000198157;HMGN5
ENSG00000198176;TFDP1
ENSG00000198185;ZNF334
ENSG00000198211;AC092143.1
ENSG00000198218;QRICH1
ENSG00000198242;RPL23A
ENSG00000198258;UBL5
ENSG00000198276;UCKL1
ENSG00000198300;PEG3
ENSG00000198315;ZKSCAN8
ENSG00000198342;ZNF442
ENSG00000198346;ZNF813
ENSG00000198355;PIM3
ENSG00000198363;ASPH
ENSG00000198369;SPRED2
ENSG00000198373;WWP2
ENSG00000198382;UVRAG
ENSG00000198399;ITSN2
ENSG00000198517;MAFK
ENSG00000198523;PLN
ENSG00000198554;WDHD1
ENSG00000198556;ZNF789
ENSG00000198561;CTNND1
ENSG00000198563;DDX39B
ENSG00000198586;TLK1
ENSG00000198589;LRBA
ENSG00000198604;BAZ1A
ENSG00000198610;AKR1C4
ENSG00000198625;MDM4
ENSG00000198642;KLHL9
ENSG00000198648;STK39
ENSG00000198668;CALM1
ENSG00000198707;CEP290
ENSG00000198742;SMURF1
ENSG00000198755;RPL10A
ENSG00000198759;EGFL6
ENSG00000198765;SYCP1
ENSG00000198783;ZNF830
ENSG00000198791;CNOT7
ENSG00000198795;ZNF521
ENSG00000198815;FOXJ3
ENSG00000198824;CHAMP1
ENSG00000198826;ARHGAP11A
ENSG00000198837;DENND4B
ENSG00000198873;GRK5
ENSG00000198887;SMC5
ENSG00000198900;TOP1
ENSG00000198901;PRC1
ENSG00000198917;SPOUT1
ENSG00000198924;DCLRE1A
ENSG00000198947;DMD
ENSG00000198959;TGM2
ENSG00000203485;INF2
ENSG00000203760;CENPW
ENSG00000203852;HIST2H3A
ENSG00000204086;RPA4
ENSG00000204138;PHACTR4
ENSG00000204197;KIFC1
ENSG00000204264;PSMB8
ENSG00000204315;FKBPL
ENSG00000204390;HSPA1L
ENSG00000204410;MSH5
ENSG00000204435;CSNK2B
ENSG00000204463;BAG6
ENSG00000204569;PPP1R10
ENSG00000204628;RACK1
ENSG00000204710;SPDYC
ENSG00000204843;DCTN1
ENSG00000204856;FAM216A
ENSG00000204859;ZBTB48
ENSG00000204889;KRT40
ENSG00000204899;MZT1
ENSG00000204946;ZNF783
ENSG00000205076;LGALS7
ENSG00000205111;CDKL4
ENSG00000205189;ZBTB10
ENSG00000205220;PSMB10
ENSG00000205221;VIT
ENSG00000205250;E2F4
ENSG00000205268;PDE7A
ENSG00000205277;MUC12
ENSG00000205323;SARNP
ENSG00000205362;MT1A
ENSG00000205423;CNEP1R1
ENSG00000205609;EIF3CL
ENSG00000205659;LIN52
ENSG00000205835;GMNC
ENSG00000206073;SERPINB4
ENSG00000206206;DAXX
ENSG00000206279;DAXX
ENSG00000206298;PSMB8
ENSG00000206308;HLA-DRA
ENSG00000206376;EHMT2
ENSG00000206394;CLIC1
ENSG00000206406;CSNK2B
ENSG00000206476;VARS2
ENSG00000206489;PPP1R10
ENSG00000211445;GPX3
ENSG00000212866;HSPA1B
ENSG00000213024;NUP62
ENSG00000213066;FGFR1OP
ENSG00000213215;OR2F1
ENSG00000213366;GSTM2
ENSG00000213397;HAUS7
ENSG00000213465;ARL2
ENSG00000213516;RBMXL1
ENSG00000213625;LEPROT
ENSG00000213639;PPP1CB
ENSG00000213676;ATF6B
ENSG00000213699;SLC35F6
ENSG00000213719;CLIC1
ENSG00000213741;RPS29
ENSG00000213762;ZNF134
ENSG00000213799;ZNF845
ENSG00000213853;EMP2
ENSG00000213859;KCTD11
ENSG00000213865;C8orf44
ENSG00000213892;CEACAM16
ENSG00000213923;CSNK1E
ENSG00000214107;MAGEB1
ENSG00000214160;ALG3
ENSG00000214189;ZNF788
ENSG00000214253;FIS1
ENSG00000214367;HAUS3
ENSG00000214717;ZBED1
ENSG00000214753;HNRNPUL2
ENSG00000214826;DDX12P
ENSG00000215193;PEX26
ENSG00000215301;DDX3X
ENSG00000215328;HSPA1A
ENSG00000215375;MYL5
ENSG00000215695;RSC1A1
ENSG00000215717;TMEM167B
ENSG00000215910;C1orf167
ENSG00000216490;IFI30
ENSG00000218891;ZNF579
ENSG00000221829;FANCG
ENSG00000221869;CEBPD
ENSG00000221914;PPP2R2A
ENSG00000221938;OR2A14
ENSG00000221983;UBA52
ENSG00000222028;PSMB11
ENSG00000223501;VPS52
ENSG00000223638;RFPL4A
ENSG00000223639;CLIC1
ENSG00000223833;NCR3
ENSG00000223980;HLA-A
ENSG00000224143;EHMT2
ENSG00000224156;TUBB
ENSG00000224313;DXO
ENSG00000224320;HLA-A
ENSG00000224389;C4B
ENSG00000224398;CSNK2B
ENSG00000224587;MDC1
ENSG00000224774;CSNK2B
ENSG00000224782;PFDN6
ENSG00000225211;NCR3
ENSG00000225589;MDC1
ENSG00000225663;MCRIP1
ENSG00000225781;OR6V1
ENSG00000225830;ERCC6
ENSG00000226201;PSMB8
ENSG00000226248;CLIC1
ENSG00000226417;CLIC1
ENSG00000226492;CUTA
ENSG00000226651;CLIC1
ENSG00000227046;DAXX
ENSG00000227322;RXRB
ENSG00000227333;EHMT2
ENSG00000227460;SYNGAP1
ENSG00000227715;HLA-A
ENSG00000227739;TUBB
ENSG00000228144;AC078927.1
ENSG00000228267;C4B
ENSG00000228333;RXRB
ENSG00000228454;C4B
ENSG00000228575;MDC1
ENSG00000228628;ATF6B
ENSG00000228716;DHFR
ENSG00000228875;CSNK2B
ENSG00000229215;HLA-A
ENSG00000229493;HLA-DQB2
ENSG00000229684;TUBB
ENSG00000230034;PSMB8
ENSG00000230669;PSMB8
ENSG00000230675;HLA-DQB2
ENSG00000230685;CLIC1
ENSG00000230700;CSNK2B
ENSG00000231135;MDC1
ENSG00000231192;OR5H1
ENSG00000231555;HSPA1B
ENSG00000231617;DAXX
ENSG00000231631;PSMB8
ENSG00000231834;HLA-A
ENSG00000232045;EHMT2
ENSG00000232119;MCTS1
ENSG00000232421;TUBB
ENSG00000232575;TUBB
ENSG00000232804;HSPA1B
ENSG00000232838;PET117
ENSG00000232960;CSNK2B
ENSG00000233312;C4B_2
ENSG00000233450;KIFC1
ENSG00000233822;HIST1H2BN
ENSG00000233927;RPS28
ENSG00000234289;H2BFS
ENSG00000234475;HSPA1A
ENSG00000234539;ATF6B
ENSG00000234602;MCIDAS
ENSG00000235067;TUBB
ENSG00000235692;PFDN6
ENSG00000235715;PSMB8
ENSG00000235941;HSPA1A
ENSG00000236178;VARS2
ENSG00000236287;ZBED5
ENSG00000236315;NCR3
ENSG00000236443;PSMB8
ENSG00000236515;ZBTB9
ENSG00000236625;C4B
ENSG00000236637;IFNA4
ENSG00000236759;EHMT2
ENSG00000236979;NCR3
ENSG00000237095;MDC1
ENSG00000237103;NCR3
ENSG00000237335;PFDN6
ENSG00000237724;HSPA1A
ENSG00000237808;NCR3
ENSG00000238134;EHMT2
ENSG00000238227;TMEM250
ENSG00000239305;RNF103
ENSG00000239306;RBM14
ENSG00000239672;NME1
ENSG00000239779;WBP1
ENSG00000239836;PSMB9
ENSG00000240065;PSMB9
ENSG00000240118;PSMB9
ENSG00000240508;PSMB9
ENSG00000241360;PDXP
ENSG00000241837;ATP5O
ENSG00000242711;PSMB9
ENSG00000242732;RTL5
ENSG00000243067;PSMB9
ENSG00000243480;AMY2A
ENSG00000243543;WFDC6
ENSG00000243594;PSMB9
ENSG00000243896;OR2A7
ENSG00000243910;TUBA4B
ENSG00000243958;PSMB9
ENSG00000244038;DDOST
ENSG00000244207;C4A
ENSG00000244405;ETV5
ENSG00000244588;RAD21L1
ENSG00000244752;CRYBB2
ENSG00000245680;ZNF585B
ENSG00000246705;H2AFJ
ENSG00000248098;BCKDHA
ENSG00000248333;CDK11B
ENSG00000248487;ABHD14A
ENSG00000249115;HAUS5
ENSG00000249853;HS3ST5
ENSG00000250305;KIAA1456
ENSG00000250506;CDK3
ENSG00000253368;TRNP1
ENSG00000253626;EIF5AL1
ENSG00000254505;CHMP4A
ENSG00000255112;CHMP1B
ENSG00000255181;CCDC166
ENSG00000255302;EID1
ENSG00000255346;NOX5
ENSG00000255529;POLR2M
ENSG00000255561;FDXACB1
ENSG00000255730;AC011462.1
ENSG00000255837;TAS2R20
ENSG00000256060;TRAPPC2B
ENSG00000256618;MTRNR2L1
ENSG00000257017;HP
ENSG00000257335;MGAM
ENSG00000257365;FNTB
ENSG00000257594;GALNT4
ENSG00000257923;CUX1
ENSG00000258555;SPECC1L-ADORA2A
ENSG00000258839;MC1R
ENSG00000260916;CCPG1
ENSG00000261236;BOP1
ENSG00000261408;TEN1-CDK3
ENSG00000261701;HPR
ENSG00000261857;MIA
ENSG00000261893;CLK2
ENSG00000261915;AC026954.2
ENSG00000261992;GATAD2B
ENSG00000262024;TCF20
ENSG00000262246;CORO7
ENSG00000262406;MMP12
ENSG00000262418;PTPRC
ENSG00000262446;GBA
ENSG00000262633;AC005670.2
ENSG00000262634;SKA1
ENSG00000262826;INTS3
ENSG00000262919;CCNQ
ENSG00000263001;GTF2I
ENSG00000263328;OR8K1
ENSG00000265241;RBM8A
ENSG00000265681;RPL17
ENSG00000265808;SEC22B
ENSG00000265972;TXNIP
ENSG00000266074;BAHCC1
ENSG00000266964;FXYD1
ENSG00000267228;AC012254.2
ENSG00000267796;LIN37
ENSG00000268942;CKS1BP3
ENSG00000268975;MIA-RAB4B
ENSG00000269437;NXF2B
ENSG00000269547;AC011455.2
ENSG00000269846;AL136172.1
ENSG00000270011;ZNF559-ZNF177
ENSG00000270141;TERC
ENSG00000270276;HIST2H4B
ENSG00000270882;HIST2H4A
ENSG00000272391;POM121C
ENSG00000273542;HIST1H4K
ENSG00000273850;PPP2R3B
ENSG00000273899;NOL12
ENSG00000274474;YWHAE
ENSG00000274618;HIST1H4F
ENSG00000274997;HIST1H2AH
ENSG00000275126;HIST1H4L
ENSG00000275338;RAB11FIP3
ENSG00000275835;TUBGCP5
ENSG00000275903;PSMB3
ENSG00000275911;NDE1
ENSG00000276043;UHRF1
ENSG00000276111;SDCCAG8
ENSG00000276180;HIST1H4I
ENSG00000276368;HIST1H2AJ
ENSG00000276438;PPP2R3B
ENSG00000276856;TUBGCP5
ENSG00000276966;HIST1H4E
ENSG00000277075;HIST1H2AE
ENSG00000277157;HIST1H4D
ENSG00000277224;HIST1H2BF
ENSG00000277273;CDK7
ENSG00000277791;PSMB3
ENSG00000277909;SPC25
ENSG00000278588;HIST1H2BI
ENSG00000278637;HIST1H4A
ENSG00000278677;HIST1H2AM
ENSG00000278705;HIST1H4B
ENSG00000280688;CEP72
ENSG00000280807;TUBGCP5
ENSG00000280987;MATR3
ENSG00000281184;PSMB1
ENSG00000281221;PSMC4
ENSG00000281540;RCC2
ENSG00000281877;RPS6KA1
ENSG00000282003;TUBGCP3
ENSG00000282110;MAPK4
ENSG00000282302;SEPT9
ENSG00000282899;E2F2
ENSG00000283060;ID3
ENSG00000283100;SIRT2
